id	run	cond	n_trials	n_responses	n_omissions	n_want	p_want_of_resp	task_ver	block_proc
058	1	HighLarge	6	6	0	6	1.0	A	A1
058	1	OfficeSmall	6	6	0	3	0.5	A	F1
058	1	LowLarge	6	6	0	2	0.33	A	C1
058	1	LowSmall	6	6	0	4	0.67	A	D1
058	1	OfficeLarge	6	6	0	5	0.83	A	E1
058	1	HighSmall	6	6	0	6	1.0	A	B1
058	4	LowLarge	6	6	0	5	0.83	A	C5
058	4	OfficeSmall	6	6	0	3	0.5	A	F5
058	4	HighSmall	6	6	0	6	1.0	A	B5
058	4	OfficeLarge	6	6	0	3	0.5	A	E5
058	4	HighLarge	6	6	0	6	1.0	A	A5
058	4	LowSmall	6	6	0	3	0.5	A	D5
058	3	OfficeSmall	6	6	0	4	0.67	A	F4
058	3	HighSmall	6	6	0	6	1.0	A	B4
058	3	LowLarge	6	6	0	6	1.0	A	C4
058	3	OfficeLarge	6	6	0	0	0.0	A	E4
058	3	LowSmall	6	6	0	6	1.0	A	D4
058	3	HighLarge	6	6	0	6	1.0	A	A4
058	2	LowSmall	6	6	0	3	0.5	A	D3
058	2	OfficeLarge	6	6	0	4	0.67	A	E3
058	2	HighSmall	6	6	0	6	1.0	A	B3
058	2	OfficeSmall	6	6	0	2	0.33	A	F3
058	2	HighLarge	6	6	0	6	1.0	A	A3
058	2	LowLarge	6	6	0	4	0.67	A	C3
058	5	HighSmall	6	6	0	6	1.0	A	B2
058	5	HighLarge	6	6	0	6	1.0	A	A2
058	5	OfficeLarge	6	6	0	3	0.5	A	E2
058	5	LowLarge	6	6	0	6	1.0	A	C2
058	5	LowSmall	6	6	0	4	0.67	A	D2
058	5	OfficeSmall	6	6	0	1	0.17	A	F2
103	1	HighLarge	6	5	1	3	0.6	A	A1
103	1	OfficeSmall	6	6	0	1	0.17	A	F1
103	1	LowLarge	6	6	0	3	0.5	A	C1
103	1	LowSmall	6	6	0	4	0.67	A	D1
103	1	OfficeLarge	6	6	0	2	0.33	A	E1
103	1	HighSmall	6	6	0	3	0.5	A	B1
103	4	LowLarge	6	4	2	4	1.0	A	C5
103	4	OfficeSmall	6	5	1	4	0.8	A	F5
103	4	HighSmall	6	4	2	4	1.0	A	B5
103	4	OfficeLarge	6	4	2	3	0.75	A	E5
103	4	HighLarge	6	5	1	4	0.8	A	A5
103	4	LowSmall	6	6	0	2	0.33	A	D5
103	3	OfficeSmall	6	5	1	1	0.2	A	F4
103	3	HighSmall	6	6	0	6	1.0	A	B4
103	3	LowLarge	6	5	1	4	0.8	A	C4
103	3	OfficeLarge	6	3	3	0	0.0	A	E4
103	3	LowSmall	6	6	0	3	0.5	A	D4
103	3	HighLarge	6	5	1	4	0.8	A	A4
103	2	LowSmall	6	5	1	1	0.2	A	D3
103	2	OfficeLarge	6	5	1	1	0.2	A	E3
103	2	HighSmall	6	5	1	2	0.4	A	B3
103	2	OfficeSmall	6	6	0	0	0.0	A	F3
103	2	HighLarge	6	6	0	6	1.0	A	A3
103	2	LowLarge	6	5	1	3	0.6	A	C3
103	5	HighSmall	6	5	1	2	0.4	A	B2
103	5	HighLarge	6	4	2	1	0.25	A	A2
103	5	OfficeLarge	6	6	0	0	0.0	A	E2
103	5	LowLarge	6	6	0	2	0.33	A	C2
103	5	LowSmall	6	5	1	2	0.4	A	D2
103	5	OfficeSmall	6	5	1	0	0.0	A	F2
077	2	LowSmall	6	5	1	5	1.0	A	D3
077	2	OfficeLarge	6	5	1	0	0.0	A	E3
077	2	HighSmall	6	6	0	6	1.0	A	B3
077	2	OfficeSmall	6	5	1	0	0.0	A	F3
077	2	HighLarge	6	2	4	2	1.0	A	A3
077	2	LowLarge	6	5	1	5	1.0	A	C3
077	1	HighLarge	6	6	0	5	0.83	A	A1
077	1	OfficeSmall	6	5	1	0	0.0	A	F1
077	1	LowLarge	6	5	1	5	1.0	A	C1
077	1	LowSmall	6	2	4	2	1.0	A	D1
077	1	OfficeLarge	6	4	2	0	0.0	A	E1
077	1	HighSmall	6	1	5	1	1.0	A	B1
009	1	HighLarge	6	6	0	0	0.0	A	A1
009	1	OfficeSmall	6	5	1	1	0.2	A	F1
009	1	LowLarge	6	6	0	0	0.0	A	C1
009	1	LowSmall	6	6	0	1	0.17	A	D1
009	1	OfficeLarge	6	6	0	2	0.33	A	E1
009	1	HighSmall	6	6	0	4	0.67	A	B1
009	5	HighSmall	6	6	0	0	0.0	A	B2
009	5	HighLarge	6	6	0	4	0.67	A	A2
009	5	OfficeLarge	6	6	0	3	0.5	A	E2
009	5	LowLarge	6	6	0	3	0.5	A	C2
009	5	LowSmall	6	6	0	3	0.5	A	D2
009	5	OfficeSmall	6	5	1	4	0.8	A	F2
009	2	LowSmall	6	6	0	0	0.0	A	D3
009	2	OfficeLarge	6	6	0	2	0.33	A	E3
009	2	HighSmall	6	6	0	4	0.67	A	B3
009	2	OfficeSmall	6	5	1	4	0.8	A	F3
009	2	HighLarge	6	6	0	6	1.0	A	A3
009	2	LowLarge	6	6	0	2	0.33	A	C3
009	3	OfficeSmall	6	6	0	1	0.17	A	F4
009	3	HighSmall	6	6	0	6	1.0	A	B4
009	3	LowLarge	6	6	0	2	0.33	A	C4
009	3	OfficeLarge	6	5	1	5	1.0	A	E4
009	3	LowSmall	6	6	0	1	0.17	A	D4
009	3	HighLarge	6	6	0	3	0.5	A	A4
009	4	LowLarge	6	6	0	3	0.5	A	C5
009	4	OfficeSmall	6	6	0	6	1.0	A	F5
009	4	HighSmall	6	6	0	4	0.67	A	B5
009	4	OfficeLarge	6	5	1	3	0.6	A	E5
009	4	HighLarge	6	5	1	4	0.8	A	A5
009	4	LowSmall	6	5	1	2	0.4	A	D5
133	2	LowLarge	6	6	0	4	0.67	B	C5
133	2	OfficeSmall	6	6	0	3	0.5	B	F5
133	2	HighSmall	6	6	0	5	0.83	B	B5
133	2	OfficeLarge	6	6	0	6	1.0	B	E5
133	2	HighLarge	6	6	0	6	1.0	B	A5
133	2	LowSmall	6	6	0	1	0.17	B	D5
133	5	HighLarge	6	6	0	2	0.33	B	A1
133	5	OfficeSmall	6	6	0	3	0.5	B	F1
133	5	LowLarge	6	6	0	0	0.0	B	C1
133	5	LowSmall	6	5	1	0	0.0	B	D1
133	5	OfficeLarge	6	6	0	0	0.0	B	E1
133	5	HighSmall	6	6	0	2	0.33	B	B1
133	4	LowSmall	6	6	0	0	0.0	B	D3
133	4	OfficeLarge	6	6	0	0	0.0	B	E3
133	4	HighSmall	6	6	0	3	0.5	B	B3
133	4	OfficeSmall	6	6	0	0	0.0	B	F3
133	4	HighLarge	6	6	0	3	0.5	B	A3
133	4	LowLarge	6	6	0	0	0.0	B	C3
133	3	OfficeSmall	6	6	0	0	0.0	B	F4
133	3	HighSmall	6	6	0	4	0.67	B	B4
133	3	LowLarge	6	6	0	1	0.17	B	C4
133	3	OfficeLarge	6	6	0	1	0.17	B	E4
133	3	LowSmall	6	6	0	2	0.33	B	D4
133	3	HighLarge	6	6	0	4	0.67	B	A4
133	1	HighSmall	6	5	1	2	0.4	B	B2
133	1	HighLarge	6	5	1	3	0.6	B	A2
133	1	OfficeLarge	6	6	0	2	0.33	B	E2
133	1	LowLarge	6	5	1	4	0.8	B	C2
133	1	LowSmall	6	6	0	4	0.67	B	D2
133	1	OfficeSmall	6	6	0	3	0.5	B	F2
001	3	OfficeSmall	6	6	0	6	1.0	A	F4
001	3	HighSmall	6	6	0	6	1.0	A	B4
001	3	LowLarge	6	5	1	0	0.0	A	C4
001	3	OfficeLarge	6	6	0	6	1.0	A	E4
001	3	LowSmall	6	6	0	1	0.17	A	D4
001	3	HighLarge	6	6	0	6	1.0	A	A4
001	4	LowLarge	6	6	0	1	0.17	A	C5
001	4	OfficeSmall	6	6	0	6	1.0	A	F5
001	4	HighSmall	6	6	0	6	1.0	A	B5
001	4	OfficeLarge	6	6	0	6	1.0	A	E5
001	4	HighLarge	6	6	0	5	0.83	A	A5
001	4	LowSmall	6	6	0	3	0.5	A	D5
001	5	HighSmall	6	6	0	4	0.67	A	B2
001	5	HighLarge	6	6	0	4	0.67	A	A2
001	5	OfficeLarge	6	6	0	6	1.0	A	E2
001	5	LowLarge	6	6	0	1	0.17	A	C2
001	5	LowSmall	6	6	0	1	0.17	A	D2
001	5	OfficeSmall	6	6	0	6	1.0	A	F2
001	2	LowSmall	6	6	0	0	0.0	A	D3
001	2	OfficeLarge	6	6	0	5	0.83	A	E3
001	2	HighSmall	6	6	0	2	0.33	A	B3
001	2	OfficeSmall	6	5	1	5	1.0	A	F3
001	2	HighLarge	6	6	0	6	1.0	A	A3
001	2	LowLarge	6	6	0	2	0.33	A	C3
001	1	HighLarge	6	6	0	5	0.83	A	A1
001	1	OfficeSmall	6	6	0	6	1.0	A	F1
001	1	LowLarge	6	6	0	0	0.0	A	C1
001	1	LowSmall	6	6	0	0	0.0	A	D1
001	1	OfficeLarge	6	6	0	6	1.0	A	E1
001	1	HighSmall	6	5	1	4	0.8	A	B1
110	1	HighSmall	6	6	0	6	1.0	B	B2
110	1	HighLarge	6	6	0	3	0.5	B	A2
110	1	OfficeLarge	6	5	1	1	0.2	B	E2
110	1	LowLarge	6	6	0	3	0.5	B	C2
110	1	LowSmall	6	6	0	5	0.83	B	D2
110	1	OfficeSmall	6	6	0	0	0.0	B	F2
110	4	LowSmall	6	6	0	2	0.33	B	D3
110	4	OfficeLarge	6	6	0	1	0.17	B	E3
110	4	HighSmall	6	6	0	4	0.67	B	B3
110	4	OfficeSmall	6	6	0	1	0.17	B	F3
110	4	HighLarge	6	6	0	5	0.83	B	A3
110	4	LowLarge	6	6	0	6	1.0	B	C3
110	3	OfficeSmall	6	6	0	2	0.33	B	F4
110	3	HighSmall	6	6	0	6	1.0	B	B4
110	3	LowLarge	6	6	0	5	0.83	B	C4
110	3	OfficeLarge	6	6	0	0	0.0	B	E4
110	3	LowSmall	6	6	0	2	0.33	B	D4
110	3	HighLarge	6	6	0	6	1.0	B	A4
110	2	LowLarge	6	6	0	4	0.67	B	C5
110	2	OfficeSmall	6	6	0	1	0.17	B	F5
110	2	HighSmall	6	6	0	5	0.83	B	B5
110	2	OfficeLarge	6	6	0	0	0.0	B	E5
110	2	HighLarge	6	6	0	4	0.67	B	A5
110	2	LowSmall	6	5	1	4	0.8	B	D5
110	5	HighLarge	6	6	0	6	1.0	B	A1
110	5	OfficeSmall	6	5	1	3	0.6	B	F1
110	5	LowLarge	6	6	0	4	0.67	B	C1
110	5	LowSmall	6	6	0	3	0.5	B	D1
110	5	OfficeLarge	6	6	0	6	1.0	B	E1
110	5	HighSmall	6	6	0	6	1.0	B	B1
129	4	LowSmall	6	6	0	4	0.67	B	D3
129	4	OfficeLarge	6	6	0	5	0.83	B	E3
129	4	HighSmall	6	6	0	4	0.67	B	B3
129	4	OfficeSmall	6	6	0	2	0.33	B	F3
129	4	HighLarge	6	6	0	6	1.0	B	A3
129	4	LowLarge	6	6	0	4	0.67	B	C3
129	3	OfficeSmall	6	6	0	4	0.67	B	F4
129	3	HighSmall	6	6	0	6	1.0	B	B4
129	3	LowLarge	6	6	0	3	0.5	B	C4
129	3	OfficeLarge	6	6	0	2	0.33	B	E4
129	3	LowSmall	6	6	0	5	0.83	B	D4
129	3	HighLarge	6	6	0	4	0.67	B	A4
129	2	LowLarge	6	6	0	4	0.67	B	C5
129	2	OfficeSmall	6	6	0	3	0.5	B	F5
129	2	HighSmall	6	6	0	5	0.83	B	B5
129	2	OfficeLarge	6	6	0	1	0.17	B	E5
129	2	HighLarge	6	6	0	5	0.83	B	A5
129	2	LowSmall	6	6	0	4	0.67	B	D5
129	5	HighLarge	6	6	0	5	0.83	B	A1
129	5	OfficeSmall	6	6	0	5	0.83	B	F1
129	5	LowLarge	6	6	0	4	0.67	B	C1
129	5	LowSmall	6	6	0	4	0.67	B	D1
129	5	OfficeLarge	6	5	1	3	0.6	B	E1
129	5	HighSmall	6	6	0	5	0.83	B	B1
129	1	HighSmall	6	6	0	5	0.83	B	B2
129	1	HighLarge	6	6	0	4	0.67	B	A2
129	1	OfficeLarge	6	6	0	4	0.67	B	E2
129	1	LowLarge	6	6	0	5	0.83	B	C2
129	1	LowSmall	6	6	0	4	0.67	B	D2
129	1	OfficeSmall	6	6	0	2	0.33	B	F2
031	1	HighLarge	6	6	0	3	0.5	A	A1
031	1	OfficeSmall	6	6	0	0	0.0	A	F1
031	1	LowLarge	6	6	0	4	0.67	A	C1
031	1	LowSmall	6	6	0	4	0.67	A	D1
031	1	OfficeLarge	6	6	0	0	0.0	A	E1
031	1	HighSmall	6	6	0	4	0.67	A	B1
031	5	HighSmall	6	6	0	4	0.67	A	B2
031	5	HighLarge	6	6	0	5	0.83	A	A2
031	5	OfficeLarge	6	6	0	2	0.33	A	E2
031	5	LowLarge	6	6	0	3	0.5	A	C2
031	5	LowSmall	6	6	0	6	1.0	A	D2
031	5	OfficeSmall	6	6	0	1	0.17	A	F2
031	2	LowSmall	6	6	0	3	0.5	A	D3
031	2	OfficeLarge	6	6	0	0	0.0	A	E3
031	2	HighSmall	6	5	1	4	0.8	A	B3
031	2	OfficeSmall	6	6	0	0	0.0	A	F3
031	2	HighLarge	6	6	0	6	1.0	A	A3
031	2	LowLarge	6	6	0	6	1.0	A	C3
031	3	OfficeSmall	6	6	0	0	0.0	A	F4
031	3	HighSmall	6	6	0	6	1.0	A	B4
031	3	LowLarge	6	6	0	5	0.83	A	C4
031	3	OfficeLarge	6	6	0	0	0.0	A	E4
031	3	LowSmall	6	6	0	2	0.33	A	D4
031	3	HighLarge	6	6	0	6	1.0	A	A4
031	4	LowLarge	6	6	0	6	1.0	A	C5
031	4	OfficeSmall	6	6	0	0	0.0	A	F5
031	4	HighSmall	6	6	0	6	1.0	A	B5
031	4	OfficeLarge	6	6	0	0	0.0	A	E5
031	4	HighLarge	6	6	0	6	1.0	A	A5
031	4	LowSmall	6	6	0	6	1.0	A	D5
080	3	OfficeSmall	6	6	0	4	0.67	B	F4
080	3	HighSmall	6	6	0	6	1.0	B	B4
080	3	LowLarge	6	6	0	5	0.83	B	C4
080	3	OfficeLarge	6	6	0	3	0.5	B	E4
080	3	LowSmall	6	6	0	3	0.5	B	D4
080	3	HighLarge	6	6	0	5	0.83	B	A4
080	4	LowSmall	6	6	0	3	0.5	B	D3
080	4	OfficeLarge	6	6	0	5	0.83	B	E3
080	4	HighSmall	6	6	0	2	0.33	B	B3
080	4	OfficeSmall	6	6	0	5	0.83	B	F3
080	4	HighLarge	6	6	0	6	1.0	B	A3
080	4	LowLarge	6	6	0	3	0.5	B	C3
080	5	HighLarge	6	6	0	3	0.5	B	A1
080	5	OfficeSmall	6	6	0	6	1.0	B	F1
080	5	LowLarge	6	6	0	2	0.33	B	C1
080	5	LowSmall	6	6	0	2	0.33	B	D1
080	5	OfficeLarge	6	6	0	5	0.83	B	E1
080	5	HighSmall	6	6	0	6	1.0	B	B1
080	2	LowLarge	6	6	0	4	0.67	B	C5
080	2	OfficeSmall	6	6	0	5	0.83	B	F5
080	2	HighSmall	6	6	0	6	1.0	B	B5
080	2	OfficeLarge	6	6	0	3	0.5	B	E5
080	2	HighLarge	6	6	0	6	1.0	B	A5
080	2	LowSmall	6	6	0	4	0.67	B	D5
080	1	HighSmall	6	6	0	4	0.67	B	B2
080	1	HighLarge	6	5	1	2	0.4	B	A2
080	1	OfficeLarge	6	5	1	1	0.2	B	E2
080	1	LowLarge	6	6	0	3	0.5	B	C2
080	1	LowSmall	6	6	0	4	0.67	B	D2
080	1	OfficeSmall	6	6	0	0	0.0	B	F2
017	2	LowLarge	6	6	0	6	1.0	B	C5
017	2	OfficeSmall	6	6	0	6	1.0	B	F5
017	2	HighSmall	6	6	0	6	1.0	B	B5
017	2	OfficeLarge	6	6	0	6	1.0	B	E5
017	2	HighLarge	6	6	0	6	1.0	B	A5
017	2	LowSmall	6	6	0	6	1.0	B	D5
017	5	HighLarge	6	6	0	6	1.0	B	A1
017	5	OfficeSmall	6	6	0	6	1.0	B	F1
017	5	LowLarge	6	6	0	6	1.0	B	C1
017	5	LowSmall	6	6	0	5	0.83	B	D1
017	5	OfficeLarge	6	6	0	6	1.0	B	E1
017	5	HighSmall	6	6	0	6	1.0	B	B1
017	4	LowSmall	6	6	0	6	1.0	B	D3
017	4	OfficeLarge	6	6	0	6	1.0	B	E3
017	4	HighSmall	6	6	0	6	1.0	B	B3
017	4	OfficeSmall	6	6	0	6	1.0	B	F3
017	4	HighLarge	6	6	0	6	1.0	B	A3
017	4	LowLarge	6	6	0	6	1.0	B	C3
017	3	OfficeSmall	6	6	0	6	1.0	B	F4
017	3	HighSmall	6	6	0	6	1.0	B	B4
017	3	LowLarge	6	6	0	5	0.83	B	C4
017	3	OfficeLarge	6	6	0	6	1.0	B	E4
017	3	LowSmall	6	6	0	6	1.0	B	D4
017	3	HighLarge	6	6	0	6	1.0	B	A4
017	1	HighSmall	6	6	0	6	1.0	B	B2
017	1	HighLarge	6	6	0	5	0.83	B	A2
017	1	OfficeLarge	6	6	0	6	1.0	B	E2
017	1	LowLarge	6	6	0	6	1.0	B	C2
017	1	LowSmall	6	6	0	6	1.0	B	D2
017	1	OfficeSmall	6	6	0	6	1.0	B	F2
019	1	HighLarge	6	6	0	4	0.67	A	A1
019	1	OfficeSmall	6	6	0	4	0.67	A	F1
019	1	LowLarge	6	5	1	4	0.8	A	C1
019	1	LowSmall	6	6	0	3	0.5	A	D1
019	1	OfficeLarge	6	6	0	6	1.0	A	E1
019	1	HighSmall	6	5	1	5	1.0	A	B1
019	2	LowSmall	6	6	0	5	0.83	A	D3
019	2	OfficeLarge	6	6	0	6	1.0	A	E3
019	2	HighSmall	6	6	0	5	0.83	A	B3
019	2	OfficeSmall	6	6	0	6	1.0	A	F3
019	2	HighLarge	6	6	0	6	1.0	A	A3
019	2	LowLarge	6	6	0	4	0.67	A	C3
019	5	HighSmall	6	6	0	5	0.83	A	B2
019	5	HighLarge	6	6	0	5	0.83	A	A2
019	5	OfficeLarge	6	6	0	6	1.0	A	E2
019	5	LowLarge	6	6	0	6	1.0	A	C2
019	5	LowSmall	6	6	0	6	1.0	A	D2
019	5	OfficeSmall	6	5	1	5	1.0	A	F2
019	4	LowLarge	6	5	1	5	1.0	A	C5
019	4	OfficeSmall	6	6	0	6	1.0	A	F5
019	4	HighSmall	6	6	0	6	1.0	A	B5
019	4	OfficeLarge	6	6	0	6	1.0	A	E5
019	4	HighLarge	6	6	0	6	1.0	A	A5
019	4	LowSmall	6	6	0	6	1.0	A	D5
019	3	OfficeSmall	6	6	0	5	0.83	A	F4
019	3	HighSmall	6	6	0	6	1.0	A	B4
019	3	LowLarge	6	6	0	4	0.67	A	C4
019	3	OfficeLarge	6	6	0	6	1.0	A	E4
019	3	LowSmall	6	6	0	6	1.0	A	D4
019	3	HighLarge	6	6	0	6	1.0	A	A4
047	1	HighSmall	6	6	0	2	0.33	B	B2
047	1	HighLarge	6	5	1	4	0.8	B	A2
047	1	OfficeLarge	6	6	0	1	0.17	B	E2
047	1	LowLarge	6	6	0	2	0.33	B	C2
047	1	LowSmall	6	6	0	2	0.33	B	D2
047	1	OfficeSmall	6	6	0	0	0.0	B	F2
047	3	OfficeSmall	6	6	0	3	0.5	B	F4
047	3	HighSmall	6	6	0	5	0.83	B	B4
047	3	LowLarge	6	6	0	0	0.0	B	C4
047	3	OfficeLarge	6	6	0	0	0.0	B	E4
047	3	LowSmall	6	6	0	3	0.5	B	D4
047	3	HighLarge	6	6	0	6	1.0	B	A4
047	4	LowSmall	6	6	0	1	0.17	B	D3
047	4	OfficeLarge	6	6	0	2	0.33	B	E3
047	4	HighSmall	6	6	0	4	0.67	B	B3
047	4	OfficeSmall	6	6	0	0	0.0	B	F3
047	4	HighLarge	6	6	0	5	0.83	B	A3
047	4	LowLarge	6	6	0	1	0.17	B	C3
047	5	HighLarge	6	6	0	3	0.5	B	A1
047	5	OfficeSmall	6	6	0	2	0.33	B	F1
047	5	LowLarge	6	6	0	0	0.0	B	C1
047	5	LowSmall	6	6	0	0	0.0	B	D1
047	5	OfficeLarge	6	6	0	3	0.5	B	E1
047	5	HighSmall	6	6	0	6	1.0	B	B1
047	2	LowLarge	6	6	0	1	0.17	B	C5
047	2	OfficeSmall	6	6	0	0	0.0	B	F5
047	2	HighSmall	6	6	0	6	1.0	B	B5
047	2	OfficeLarge	6	3	3	0	0.0	B	E5
047	2	HighLarge	6	6	0	6	1.0	B	A5
047	2	LowSmall	6	6	0	1	0.17	B	D5
084	1	HighLarge	6	6	0	5	0.83	A	A1
084	1	OfficeSmall	6	6	0	0	0.0	A	F1
084	1	LowLarge	6	6	0	1	0.17	A	C1
084	1	LowSmall	6	6	0	3	0.5	A	D1
084	1	OfficeLarge	6	6	0	0	0.0	A	E1
084	1	HighSmall	6	6	0	5	0.83	A	B1
084	2	LowSmall	6	6	0	2	0.33	A	D3
084	2	OfficeLarge	6	6	0	0	0.0	A	E3
084	2	HighSmall	6	6	0	4	0.67	A	B3
084	2	OfficeSmall	6	6	0	0	0.0	A	F3
084	2	HighLarge	6	6	0	6	1.0	A	A3
084	2	LowLarge	6	6	0	5	0.83	A	C3
084	5	HighSmall	6	6	0	6	1.0	A	B2
084	5	HighLarge	6	6	0	5	0.83	A	A2
084	5	OfficeLarge	6	6	0	0	0.0	A	E2
084	5	LowLarge	6	6	0	3	0.5	A	C2
084	5	LowSmall	6	5	1	3	0.6	A	D2
084	5	OfficeSmall	6	6	0	0	0.0	A	F2
084	4	LowLarge	6	5	1	3	0.6	A	C5
084	4	OfficeSmall	6	6	0	0	0.0	A	F5
084	4	HighSmall	6	6	0	6	1.0	A	B5
084	4	OfficeLarge	6	6	0	0	0.0	A	E5
084	4	HighLarge	6	6	0	6	1.0	A	A5
084	4	LowSmall	6	6	0	4	0.67	A	D5
084	3	OfficeSmall	6	6	0	0	0.0	A	F4
084	3	HighSmall	6	6	0	5	0.83	A	B4
084	3	LowLarge	6	6	0	5	0.83	A	C4
084	3	OfficeLarge	6	6	0	0	0.0	A	E4
084	3	LowSmall	6	6	0	2	0.33	A	D4
084	3	HighLarge	6	6	0	6	1.0	A	A4
022	1	HighSmall	6	5	1	3	0.6	B	B2
022	1	HighLarge	6	6	0	3	0.5	B	A2
022	1	OfficeLarge	6	5	1	3	0.6	B	E2
022	1	LowLarge	6	6	0	5	0.83	B	C2
022	1	LowSmall	6	6	0	6	1.0	B	D2
022	1	OfficeSmall	6	6	0	5	0.83	B	F2
022	5	HighLarge	6	6	0	4	0.67	B	A1
022	5	OfficeSmall	6	6	0	5	0.83	B	F1
022	5	LowLarge	6	6	0	4	0.67	B	C1
022	5	LowSmall	6	6	0	4	0.67	B	D1
022	5	OfficeLarge	6	6	0	4	0.67	B	E1
022	5	HighSmall	6	6	0	6	1.0	B	B1
022	2	LowLarge	6	6	0	3	0.5	B	C5
022	2	OfficeSmall	6	5	1	5	1.0	B	F5
022	2	HighSmall	6	6	0	5	0.83	B	B5
022	2	OfficeLarge	6	6	0	6	1.0	B	E5
022	2	HighLarge	6	6	0	3	0.5	B	A5
022	2	LowSmall	6	5	1	4	0.8	B	D5
022	3	OfficeSmall	6	5	1	4	0.8	B	F4
022	3	HighSmall	6	6	0	6	1.0	B	B4
022	3	LowLarge	6	6	0	2	0.33	B	C4
022	3	OfficeLarge	6	5	1	4	0.8	B	E4
022	3	LowSmall	6	6	0	5	0.83	B	D4
022	3	HighLarge	6	5	1	2	0.4	B	A4
022	4	LowSmall	6	6	0	5	0.83	B	D3
022	4	OfficeLarge	6	6	0	5	0.83	B	E3
022	4	HighSmall	6	6	0	2	0.33	B	B3
022	4	OfficeSmall	6	6	0	5	0.83	B	F3
022	4	HighLarge	6	6	0	3	0.5	B	A3
022	4	LowLarge	6	6	0	4	0.67	B	C3
109	1	HighSmall	6	6	0	5	0.83	B	B2
109	1	HighLarge	6	6	0	6	1.0	B	A2
109	1	OfficeLarge	6	5	1	5	1.0	B	E2
109	1	LowLarge	6	6	0	4	0.67	B	C2
109	1	LowSmall	6	6	0	6	1.0	B	D2
109	1	OfficeSmall	6	6	0	5	0.83	B	F2
109	5	HighLarge	6	6	0	6	1.0	B	A1
109	5	OfficeSmall	6	6	0	6	1.0	B	F1
109	5	LowLarge	6	6	0	6	1.0	B	C1
109	5	LowSmall	6	6	0	6	1.0	B	D1
109	5	OfficeLarge	6	6	0	6	1.0	B	E1
109	5	HighSmall	6	5	1	5	1.0	B	B1
109	2	LowLarge	6	6	0	6	1.0	B	C5
109	2	OfficeSmall	6	6	0	6	1.0	B	F5
109	2	HighSmall	6	6	0	6	1.0	B	B5
109	2	OfficeLarge	6	6	0	6	1.0	B	E5
109	2	HighLarge	6	6	0	6	1.0	B	A5
109	2	LowSmall	6	6	0	6	1.0	B	D5
109	3	OfficeSmall	6	6	0	6	1.0	B	F4
109	3	HighSmall	6	6	0	6	1.0	B	B4
109	3	LowLarge	6	6	0	6	1.0	B	C4
109	3	OfficeLarge	6	6	0	6	1.0	B	E4
109	3	LowSmall	6	6	0	6	1.0	B	D4
109	3	HighLarge	6	6	0	6	1.0	B	A4
109	4	LowSmall	6	6	0	6	1.0	B	D3
109	4	OfficeLarge	6	6	0	6	1.0	B	E3
109	4	HighSmall	6	6	0	6	1.0	B	B3
109	4	OfficeSmall	6	6	0	6	1.0	B	F3
109	4	HighLarge	6	6	0	6	1.0	B	A3
109	4	LowLarge	6	5	1	5	1.0	B	C3
111	4	LowSmall	6	6	0	1	0.17	B	D3
111	4	OfficeLarge	6	6	0	4	0.67	B	E3
111	4	HighSmall	6	6	0	2	0.33	B	B3
111	4	OfficeSmall	6	6	0	2	0.33	B	F3
111	4	HighLarge	6	6	0	3	0.5	B	A3
111	4	LowLarge	6	6	0	1	0.17	B	C3
111	3	OfficeSmall	6	6	0	3	0.5	B	F4
111	3	HighSmall	6	6	0	4	0.67	B	B4
111	3	LowLarge	6	5	1	3	0.6	B	C4
111	3	OfficeLarge	6	6	0	3	0.5	B	E4
111	3	LowSmall	6	6	0	2	0.33	B	D4
111	3	HighLarge	6	6	0	2	0.33	B	A4
111	2	LowLarge	6	6	0	1	0.17	B	C5
111	2	OfficeSmall	6	6	0	3	0.5	B	F5
111	2	HighSmall	6	6	0	2	0.33	B	B5
111	2	OfficeLarge	6	6	0	3	0.5	B	E5
111	2	HighLarge	6	5	1	4	0.8	B	A5
111	2	LowSmall	6	6	0	1	0.17	B	D5
111	5	HighLarge	6	6	0	2	0.33	B	A1
111	5	OfficeSmall	6	6	0	0	0.0	B	F1
111	5	LowLarge	6	6	0	2	0.33	B	C1
111	5	LowSmall	6	6	0	0	0.0	B	D1
111	5	OfficeLarge	6	6	0	2	0.33	B	E1
111	5	HighSmall	6	6	0	4	0.67	B	B1
111	1	HighSmall	6	6	0	3	0.5	B	B2
111	1	HighLarge	6	6	0	2	0.33	B	A2
111	1	OfficeLarge	6	6	0	3	0.5	B	E2
111	1	LowLarge	6	6	0	3	0.5	B	C2
111	1	LowSmall	6	6	0	1	0.17	B	D2
111	1	OfficeSmall	6	6	0	3	0.5	B	F2
105	1	HighLarge	6	5	1	2	0.4	A	A1
105	1	OfficeSmall	6	6	0	0	0.0	A	F1
105	1	LowLarge	6	5	1	0	0.0	A	C1
105	1	LowSmall	6	6	0	0	0.0	A	D1
105	1	OfficeLarge	6	5	1	0	0.0	A	E1
105	1	HighSmall	6	4	2	2	0.5	A	B1
105	2	LowSmall	6	2	4	0	0.0	A	D3
105	2	OfficeLarge	6	5	1	0	0.0	A	E3
105	2	HighSmall	6	5	1	0	0.0	A	B3
105	2	OfficeSmall	6	5	1	0	0.0	A	F3
105	2	HighLarge	6	5	1	5	1.0	A	A3
105	2	LowLarge	6	5	1	1	0.2	A	C3
105	5	HighSmall	6	6	0	4	0.67	A	B2
105	5	HighLarge	6	6	0	1	0.17	A	A2
105	5	OfficeLarge	6	5	1	0	0.0	A	E2
105	5	LowLarge	6	5	1	0	0.0	A	C2
105	5	LowSmall	6	6	0	3	0.5	A	D2
105	5	OfficeSmall	6	4	2	1	0.25	A	F2
105	4	LowLarge	6	6	0	1	0.17	A	C5
105	4	OfficeSmall	6	6	0	0	0.0	A	F5
105	4	HighSmall	6	5	1	4	0.8	A	B5
105	4	OfficeLarge	6	4	2	0	0.0	A	E5
105	4	HighLarge	6	6	0	5	0.83	A	A5
105	4	LowSmall	6	6	0	2	0.33	A	D5
105	3	OfficeSmall	6	6	0	0	0.0	A	F4
105	3	HighSmall	6	6	0	6	1.0	A	B4
105	3	LowLarge	6	6	0	0	0.0	A	C4
105	3	OfficeLarge	6	6	0	1	0.17	A	E4
105	3	LowSmall	6	6	0	1	0.17	A	D4
105	3	HighLarge	6	5	1	4	0.8	A	A4
071	3	OfficeSmall	6	6	0	5	0.83	A	F4
071	3	HighSmall	6	6	0	6	1.0	A	B4
071	3	LowLarge	6	6	0	4	0.67	A	C4
071	3	OfficeLarge	6	6	0	5	0.83	A	E4
071	3	LowSmall	6	6	0	3	0.5	A	D4
071	3	HighLarge	6	6	0	6	1.0	A	A4
071	4	LowLarge	6	6	0	6	1.0	A	C5
071	4	OfficeSmall	6	6	0	4	0.67	A	F5
071	4	HighSmall	6	6	0	6	1.0	A	B5
071	4	OfficeLarge	6	6	0	6	1.0	A	E5
071	4	HighLarge	6	6	0	6	1.0	A	A5
071	4	LowSmall	6	6	0	4	0.67	A	D5
071	5	HighSmall	6	6	0	5	0.83	A	B2
071	5	HighLarge	6	6	0	4	0.67	A	A2
071	5	OfficeLarge	6	6	0	3	0.5	A	E2
071	5	LowLarge	6	6	0	3	0.5	A	C2
071	5	LowSmall	6	6	0	5	0.83	A	D2
071	5	OfficeSmall	6	6	0	5	0.83	A	F2
071	2	LowSmall	6	6	0	4	0.67	A	D3
071	2	OfficeLarge	6	6	0	5	0.83	A	E3
071	2	HighSmall	6	6	0	4	0.67	A	B3
071	2	OfficeSmall	6	6	0	6	1.0	A	F3
071	2	HighLarge	6	6	0	6	1.0	A	A3
071	2	LowLarge	6	6	0	5	0.83	A	C3
071	1	HighLarge	6	6	0	3	0.5	A	A1
071	1	OfficeSmall	6	6	0	4	0.67	A	F1
071	1	LowLarge	6	6	0	4	0.67	A	C1
071	1	LowSmall	6	6	0	4	0.67	A	D1
071	1	OfficeLarge	6	6	0	5	0.83	A	E1
071	1	HighSmall	6	6	0	6	1.0	A	B1
112	3	OfficeSmall	6	5	1	4	0.8	A	F4
112	3	HighSmall	6	6	0	6	1.0	A	B4
112	3	LowLarge	6	6	0	6	1.0	A	C4
112	3	OfficeLarge	6	6	0	5	0.83	A	E4
112	3	LowSmall	6	6	0	6	1.0	A	D4
112	3	HighLarge	6	6	0	6	1.0	A	A4
112	2	LowSmall	6	5	1	4	0.8	A	D3
112	2	OfficeLarge	6	6	0	0	0.0	A	E3
112	2	HighSmall	6	6	0	6	1.0	A	B3
112	2	OfficeSmall	6	5	1	0	0.0	A	F3
112	2	HighLarge	6	6	0	5	0.83	A	A3
112	2	LowLarge	6	6	0	6	1.0	A	C3
112	1	HighLarge	6	6	0	6	1.0	A	A1
112	1	OfficeSmall	6	6	0	2	0.33	A	F1
112	1	LowLarge	6	6	0	6	1.0	A	C1
112	1	LowSmall	6	6	0	6	1.0	A	D1
112	1	OfficeLarge	6	6	0	2	0.33	A	E1
112	1	HighSmall	6	6	0	6	1.0	A	B1
056	4	LowSmall	6	6	0	1	0.17	B	D3
056	4	OfficeLarge	6	6	0	0	0.0	B	E3
056	4	HighSmall	6	6	0	2	0.33	B	B3
056	4	OfficeSmall	6	6	0	0	0.0	B	F3
056	4	HighLarge	6	6	0	5	0.83	B	A3
056	4	LowLarge	6	5	1	3	0.6	B	C3
056	3	OfficeSmall	6	6	0	0	0.0	B	F4
056	3	HighSmall	6	6	0	6	1.0	B	B4
056	3	LowLarge	6	6	0	2	0.33	B	C4
056	3	OfficeLarge	6	6	0	0	0.0	B	E4
056	3	LowSmall	6	6	0	3	0.5	B	D4
056	3	HighLarge	6	6	0	5	0.83	B	A4
056	2	LowLarge	6	6	0	5	0.83	B	C5
056	2	OfficeSmall	6	6	0	0	0.0	B	F5
056	2	HighSmall	6	6	0	5	0.83	B	B5
056	2	OfficeLarge	6	6	0	0	0.0	B	E5
056	2	HighLarge	6	6	0	6	1.0	B	A5
056	2	LowSmall	6	5	1	3	0.6	B	D5
056	5	HighLarge	6	6	0	4	0.67	B	A1
056	5	OfficeSmall	6	6	0	0	0.0	B	F1
056	5	LowLarge	6	6	0	0	0.0	B	C1
056	5	LowSmall	6	6	0	2	0.33	B	D1
056	5	OfficeLarge	6	6	0	0	0.0	B	E1
056	5	HighSmall	6	6	0	4	0.67	B	B1
056	1	HighSmall	6	6	0	4	0.67	B	B2
056	1	HighLarge	6	6	0	2	0.33	B	A2
056	1	OfficeLarge	6	6	0	0	0.0	B	E2
056	1	LowLarge	6	6	0	3	0.5	B	C2
056	1	LowSmall	6	6	0	5	0.83	B	D2
056	1	OfficeSmall	6	6	0	0	0.0	B	F2
074	2	LowLarge	6	6	0	5	0.83	B	C5
074	2	OfficeSmall	6	6	0	0	0.0	B	F5
074	2	HighSmall	6	6	0	6	1.0	B	B5
074	2	OfficeLarge	6	6	0	0	0.0	B	E5
074	2	HighLarge	6	6	0	4	0.67	B	A5
074	2	LowSmall	6	4	2	1	0.25	B	D5
074	5	HighLarge	6	6	0	4	0.67	B	A1
074	5	OfficeSmall	6	6	0	0	0.0	B	F1
074	5	LowLarge	6	6	0	2	0.33	B	C1
074	5	LowSmall	6	6	0	3	0.5	B	D1
074	5	OfficeLarge	6	6	0	0	0.0	B	E1
074	5	HighSmall	6	6	0	4	0.67	B	B1
074	4	LowSmall	6	6	0	2	0.33	B	D3
074	4	OfficeLarge	6	6	0	0	0.0	B	E3
074	4	HighSmall	6	6	0	3	0.5	B	B3
074	4	OfficeSmall	6	6	0	0	0.0	B	F3
074	4	HighLarge	6	6	0	5	0.83	B	A3
074	4	LowLarge	6	6	0	2	0.33	B	C3
074	3	OfficeSmall	6	6	0	0	0.0	B	F4
074	3	HighSmall	6	6	0	5	0.83	B	B4
074	3	LowLarge	6	6	0	3	0.5	B	C4
074	3	OfficeLarge	6	6	0	1	0.17	B	E4
074	3	LowSmall	6	5	1	3	0.6	B	D4
074	3	HighLarge	6	6	0	6	1.0	B	A4
074	1	HighSmall	6	5	1	4	0.8	B	B2
074	1	HighLarge	6	6	0	2	0.33	B	A2
074	1	OfficeLarge	6	6	0	0	0.0	B	E2
074	1	LowLarge	6	6	0	4	0.67	B	C2
074	1	LowSmall	6	6	0	5	0.83	B	D2
074	1	OfficeSmall	6	6	0	0	0.0	B	F2
104	2	LowLarge	6	6	0	6	1.0	B	C5
104	2	OfficeSmall	6	6	0	0	0.0	B	F5
104	2	HighSmall	6	6	0	6	1.0	B	B5
104	2	OfficeLarge	6	6	0	0	0.0	B	E5
104	2	HighLarge	6	6	0	6	1.0	B	A5
104	2	LowSmall	6	6	0	6	1.0	B	D5
104	5	HighLarge	6	6	0	6	1.0	B	A1
104	5	OfficeSmall	6	6	0	0	0.0	B	F1
104	5	LowLarge	6	5	1	5	1.0	B	C1
104	5	LowSmall	6	6	0	5	0.83	B	D1
104	5	OfficeLarge	6	6	0	0	0.0	B	E1
104	5	HighSmall	6	6	0	5	0.83	B	B1
104	4	LowSmall	6	6	0	3	0.5	B	D3
104	4	OfficeLarge	6	6	0	1	0.17	B	E3
104	4	HighSmall	6	6	0	6	1.0	B	B3
104	4	OfficeSmall	6	6	0	1	0.17	B	F3
104	4	HighLarge	6	6	0	6	1.0	B	A3
104	4	LowLarge	6	5	1	3	0.6	B	C3
104	3	OfficeSmall	6	6	0	0	0.0	B	F4
104	3	HighSmall	6	6	0	6	1.0	B	B4
104	3	LowLarge	6	6	0	5	0.83	B	C4
104	3	OfficeLarge	6	6	0	0	0.0	B	E4
104	3	LowSmall	6	6	0	6	1.0	B	D4
104	3	HighLarge	6	6	0	6	1.0	B	A4
104	1	HighSmall	6	6	0	6	1.0	B	B2
104	1	HighLarge	6	6	0	5	0.83	B	A2
104	1	OfficeLarge	6	3	3	0	0.0	B	E2
104	1	LowLarge	6	5	1	5	1.0	B	C2
104	1	LowSmall	6	6	0	6	1.0	B	D2
104	1	OfficeSmall	6	5	1	0	0.0	B	F2
132	1	HighLarge	6	5	1	4	0.8	A	A1
132	1	OfficeSmall	6	6	0	2	0.33	A	F1
132	1	LowLarge	6	6	0	2	0.33	A	C1
132	1	LowSmall	6	6	0	6	1.0	A	D1
132	1	OfficeLarge	6	6	0	3	0.5	A	E1
132	1	HighSmall	6	5	1	3	0.6	A	B1
132	2	LowSmall	6	6	0	2	0.33	A	D3
132	2	OfficeLarge	6	6	0	4	0.67	A	E3
132	2	HighSmall	6	6	0	3	0.5	A	B3
132	2	OfficeSmall	6	6	0	5	0.83	A	F3
132	2	HighLarge	6	6	0	6	1.0	A	A3
132	2	LowLarge	6	6	0	5	0.83	A	C3
132	5	HighSmall	6	6	0	5	0.83	A	B2
132	5	HighLarge	6	6	0	4	0.67	A	A2
132	5	OfficeLarge	6	6	0	3	0.5	A	E2
132	5	LowLarge	6	6	0	2	0.33	A	C2
132	5	LowSmall	6	6	0	4	0.67	A	D2
132	5	OfficeSmall	6	5	1	3	0.6	A	F2
132	4	LowLarge	6	6	0	4	0.67	A	C5
132	4	OfficeSmall	6	6	0	3	0.5	A	F5
132	4	HighSmall	6	5	1	2	0.4	A	B5
132	4	OfficeLarge	6	6	0	1	0.17	A	E5
132	4	HighLarge	6	6	0	3	0.5	A	A5
132	4	LowSmall	6	6	0	2	0.33	A	D5
132	3	OfficeSmall	6	6	0	5	0.83	A	F4
132	3	HighSmall	6	6	0	6	1.0	A	B4
132	3	LowLarge	6	6	0	3	0.5	A	C4
132	3	OfficeLarge	6	6	0	5	0.83	A	E4
132	3	LowSmall	6	5	1	2	0.4	A	D4
132	3	HighLarge	6	6	0	2	0.33	A	A4
007	5	HighLarge	6	5	1	3	0.6	B	A1
007	5	OfficeSmall	6	6	0	6	1.0	B	F1
007	5	LowLarge	6	5	1	5	1.0	B	C1
007	5	LowSmall	6	5	1	3	0.6	B	D1
007	5	OfficeLarge	6	5	1	4	0.8	B	E1
007	5	HighSmall	6	4	2	4	1.0	B	B1
007	2	LowLarge	6	6	0	4	0.67	B	C5
007	2	OfficeSmall	6	5	1	2	0.4	B	F5
007	2	HighSmall	6	5	1	2	0.4	B	B5
007	2	OfficeLarge	6	5	1	3	0.6	B	E5
007	2	HighLarge	6	6	0	6	1.0	B	A5
007	2	LowSmall	6	6	0	1	0.17	B	D5
007	3	OfficeSmall	6	3	3	3	1.0	B	F4
007	3	HighSmall	6	6	0	5	0.83	B	B4
007	3	LowLarge	6	6	0	4	0.67	B	C4
007	3	OfficeLarge	6	5	1	4	0.8	B	E4
007	3	LowSmall	6	6	0	3	0.5	B	D4
007	3	HighLarge	6	5	1	3	0.6	B	A4
007	4	LowSmall	6	5	1	4	0.8	B	D3
007	4	OfficeLarge	6	6	0	6	1.0	B	E3
007	4	HighSmall	6	5	1	3	0.6	B	B3
007	4	OfficeSmall	6	5	1	5	1.0	B	F3
007	4	HighLarge	6	6	0	5	0.83	B	A3
007	4	LowLarge	6	4	2	2	0.5	B	C3
007	1	HighSmall	6	6	0	6	1.0	B	B2
007	1	HighLarge	6	4	2	2	0.5	B	A2
007	1	OfficeLarge	6	6	0	1	0.17	B	E2
007	1	LowLarge	6	5	1	2	0.4	B	C2
007	1	LowSmall	6	6	0	4	0.67	B	D2
007	1	OfficeSmall	6	3	3	2	0.67	B	F2
093	3	OfficeSmall	6	5	1	5	1.0	B	F4
093	3	HighSmall	6	6	0	6	1.0	B	B4
093	3	LowLarge	6	5	1	4	0.8	B	C4
093	3	OfficeLarge	6	6	0	4	0.67	B	E4
093	3	LowSmall	6	6	0	6	1.0	B	D4
093	3	HighLarge	6	6	0	6	1.0	B	A4
093	4	LowSmall	6	6	0	4	0.67	B	D3
093	4	OfficeLarge	6	6	0	6	1.0	B	E3
093	4	HighSmall	6	6	0	4	0.67	B	B3
093	4	OfficeSmall	6	4	2	4	1.0	B	F3
093	4	HighLarge	6	5	1	4	0.8	B	A3
093	4	LowLarge	6	6	0	5	0.83	B	C3
093	5	HighLarge	6	6	0	6	1.0	B	A1
093	5	OfficeSmall	6	5	1	5	1.0	B	F1
093	5	LowLarge	6	5	1	3	0.6	B	C1
093	5	LowSmall	6	5	1	1	0.2	B	D1
093	5	OfficeLarge	6	6	0	6	1.0	B	E1
093	5	HighSmall	6	6	0	6	1.0	B	B1
093	2	LowLarge	6	6	0	6	1.0	B	C5
093	2	OfficeSmall	6	5	1	3	0.6	B	F5
093	2	HighSmall	6	6	0	6	1.0	B	B5
093	2	OfficeLarge	6	6	0	2	0.33	B	E5
093	2	HighLarge	6	6	0	6	1.0	B	A5
093	2	LowSmall	6	6	0	5	0.83	B	D5
093	1	HighSmall	6	5	1	4	0.8	B	B2
093	1	HighLarge	6	6	0	5	0.83	B	A2
093	1	OfficeLarge	6	3	3	2	0.67	B	E2
093	1	LowLarge	6	6	0	2	0.33	B	C2
093	1	LowSmall	6	6	0	6	1.0	B	D2
093	1	OfficeSmall	6	5	1	3	0.6	B	F2
041	1	HighSmall	6	6	0	3	0.5	B	B2
041	1	HighLarge	6	6	0	2	0.33	B	A2
041	1	OfficeLarge	6	6	0	1	0.17	B	E2
041	1	LowLarge	6	6	0	1	0.17	B	C2
041	1	LowSmall	6	6	0	3	0.5	B	D2
041	1	OfficeSmall	6	5	1	0	0.0	B	F2
041	5	HighLarge	6	6	0	4	0.67	B	A1
041	5	OfficeSmall	6	6	0	5	0.83	B	F1
041	5	LowLarge	6	6	0	0	0.0	B	C1
041	5	LowSmall	6	6	0	1	0.17	B	D1
041	5	OfficeLarge	6	6	0	5	0.83	B	E1
041	5	HighSmall	6	6	0	3	0.5	B	B1
041	2	LowLarge	6	6	0	5	0.83	B	C5
041	2	OfficeSmall	6	6	0	5	0.83	B	F5
041	2	HighSmall	6	6	0	2	0.33	B	B5
041	2	OfficeLarge	6	6	0	4	0.67	B	E5
041	2	HighLarge	6	5	1	4	0.8	B	A5
041	2	LowSmall	6	6	0	1	0.17	B	D5
041	3	OfficeSmall	6	6	0	2	0.33	B	F4
041	3	HighSmall	6	6	0	4	0.67	B	B4
041	3	LowLarge	6	6	0	3	0.5	B	C4
041	3	OfficeLarge	6	6	0	4	0.67	B	E4
041	3	LowSmall	6	6	0	2	0.33	B	D4
041	3	HighLarge	6	5	1	2	0.4	B	A4
041	4	LowSmall	6	6	0	0	0.0	B	D3
041	4	OfficeLarge	6	6	0	4	0.67	B	E3
041	4	HighSmall	6	5	1	3	0.6	B	B3
041	4	OfficeSmall	6	6	0	4	0.67	B	F3
041	4	HighLarge	6	6	0	3	0.5	B	A3
041	4	LowLarge	6	6	0	5	0.83	B	C3
055	3	OfficeSmall	6	6	0	2	0.33	A	F4
055	3	HighSmall	6	6	0	6	1.0	A	B4
055	3	LowLarge	6	6	0	4	0.67	A	C4
055	3	OfficeLarge	6	6	0	5	0.83	A	E4
055	3	LowSmall	6	6	0	2	0.33	A	D4
055	3	HighLarge	6	6	0	5	0.83	A	A4
055	4	LowLarge	6	6	0	2	0.33	A	C5
055	4	OfficeSmall	6	6	0	5	0.83	A	F5
055	4	HighSmall	6	6	0	4	0.67	A	B5
055	4	OfficeLarge	6	6	0	6	1.0	A	E5
055	4	HighLarge	6	6	0	5	0.83	A	A5
055	4	LowSmall	6	6	0	3	0.5	A	D5
055	5	HighSmall	6	6	0	5	0.83	A	B2
055	5	HighLarge	6	6	0	5	0.83	A	A2
055	5	OfficeLarge	6	6	0	6	1.0	A	E2
055	5	LowLarge	6	6	0	2	0.33	A	C2
055	5	LowSmall	6	6	0	0	0.0	A	D2
055	5	OfficeSmall	6	6	0	6	1.0	A	F2
055	2	LowSmall	6	6	0	3	0.5	A	D3
055	2	OfficeLarge	6	6	0	5	0.83	A	E3
055	2	HighSmall	6	6	0	5	0.83	A	B3
055	2	OfficeSmall	6	6	0	6	1.0	A	F3
055	2	HighLarge	6	6	0	6	1.0	A	A3
055	2	LowLarge	6	6	0	4	0.67	A	C3
055	1	HighLarge	6	6	0	4	0.67	A	A1
055	1	OfficeSmall	6	6	0	4	0.67	A	F1
055	1	LowLarge	6	6	0	6	1.0	A	C1
055	1	LowSmall	6	6	0	3	0.5	A	D1
055	1	OfficeLarge	6	6	0	5	0.83	A	E1
055	1	HighSmall	6	6	0	5	0.83	A	B1
120	2	LowSmall	6	6	0	4	0.67	A	D3
120	2	OfficeLarge	6	6	0	5	0.83	A	E3
120	2	HighSmall	6	5	1	4	0.8	A	B3
120	2	OfficeSmall	6	6	0	6	1.0	A	F3
120	2	HighLarge	6	6	0	6	1.0	A	A3
120	2	LowLarge	6	6	0	6	1.0	A	C3
120	5	HighSmall	6	6	0	6	1.0	A	B2
120	5	HighLarge	6	6	0	6	1.0	A	A2
120	5	OfficeLarge	6	6	0	6	1.0	A	E2
120	5	LowLarge	6	6	0	6	1.0	A	C2
120	5	LowSmall	6	6	0	6	1.0	A	D2
120	5	OfficeSmall	6	6	0	6	1.0	A	F2
120	4	LowLarge	6	6	0	6	1.0	A	C5
120	4	OfficeSmall	6	5	1	5	1.0	A	F5
120	4	HighSmall	6	6	0	6	1.0	A	B5
120	4	OfficeLarge	6	6	0	6	1.0	A	E5
120	4	HighLarge	6	6	0	6	1.0	A	A5
120	4	LowSmall	6	4	2	4	1.0	A	D5
120	3	OfficeSmall	6	5	1	4	0.8	A	F4
120	3	HighSmall	6	5	1	5	1.0	A	B4
120	3	LowLarge	6	5	1	4	0.8	A	C4
120	3	OfficeLarge	6	6	0	6	1.0	A	E4
120	3	LowSmall	6	6	0	6	1.0	A	D4
120	3	HighLarge	6	5	1	5	1.0	A	A4
120	1	HighLarge	6	6	0	5	0.83	A	A1
120	1	OfficeSmall	6	6	0	3	0.5	A	F1
120	1	LowLarge	6	5	1	4	0.8	A	C1
120	1	LowSmall	6	5	1	4	0.8	A	D1
120	1	OfficeLarge	6	6	0	4	0.67	A	E1
120	1	HighSmall	6	5	1	4	0.8	A	B1
011	4	LowSmall	6	0	6	0		B	D3
011	4	OfficeLarge	6	0	6	0		B	E3
011	4	HighSmall	6	0	6	0		B	B3
011	4	OfficeSmall	6	0	6	0		B	F3
011	4	HighLarge	6	0	6	0		B	A3
011	4	LowLarge	6	0	6	0		B	C3
011	3	OfficeSmall	6	0	6	0		B	F4
011	3	HighSmall	6	0	6	0		B	B4
011	3	LowLarge	6	0	6	0		B	C4
011	3	OfficeLarge	6	0	6	0		B	E4
011	3	LowSmall	6	0	6	0		B	D4
011	3	HighLarge	6	0	6	0		B	A4
011	2	LowLarge	6	0	6	0		B	C5
011	2	OfficeSmall	6	0	6	0		B	F5
011	2	HighSmall	6	0	6	0		B	B5
011	2	OfficeLarge	6	0	6	0		B	E5
011	2	HighLarge	6	0	6	0		B	A5
011	2	LowSmall	6	0	6	0		B	D5
011	5	HighLarge	6	0	6	0		B	A1
011	5	OfficeSmall	6	0	6	0		B	F1
011	5	LowLarge	6	0	6	0		B	C1
011	5	LowSmall	6	0	6	0		B	D1
011	5	OfficeLarge	6	0	6	0		B	E1
011	5	HighSmall	6	0	6	0		B	B1
011	1	HighSmall	6	0	6	0		B	B2
011	1	HighLarge	6	0	6	0		B	A2
011	1	OfficeLarge	6	0	6	0		B	E2
011	1	LowLarge	6	0	6	0		B	C2
011	1	LowSmall	6	0	6	0		B	D2
011	1	OfficeSmall	6	0	6	0		B	F2
070	1	HighSmall	6	5	1	1	0.2	B	B2
070	1	HighLarge	6	5	1	0	0.0	B	A2
070	1	OfficeLarge	6	4	2	3	0.75	B	E2
070	1	LowLarge	6	6	0	4	0.67	B	C2
070	1	LowSmall	6	5	1	4	0.8	B	D2
070	1	OfficeSmall	6	6	0	4	0.67	B	F2
070	3	OfficeSmall	6	6	0	4	0.67	B	F4
070	3	HighSmall	6	6	0	5	0.83	B	B4
070	3	LowLarge	6	6	0	3	0.5	B	C4
070	3	OfficeLarge	6	6	0	4	0.67	B	E4
070	3	LowSmall	6	6	0	4	0.67	B	D4
070	3	HighLarge	6	5	1	1	0.2	B	A4
070	4	LowSmall	6	6	0	3	0.5	B	D3
070	4	OfficeLarge	6	5	1	4	0.8	B	E3
070	4	HighSmall	6	5	1	1	0.2	B	B3
070	4	OfficeSmall	6	5	1	5	1.0	B	F3
070	4	HighLarge	6	5	1	3	0.6	B	A3
070	4	LowLarge	6	5	1	1	0.2	B	C3
070	5	HighLarge	6	6	0	1	0.17	B	A1
070	5	OfficeSmall	6	5	1	5	1.0	B	F1
070	5	LowLarge	6	6	0	3	0.5	B	C1
070	5	LowSmall	6	5	1	1	0.2	B	D1
070	5	OfficeLarge	6	6	0	4	0.67	B	E1
070	5	HighSmall	6	4	2	2	0.5	B	B1
070	2	LowLarge	6	5	1	3	0.6	B	C5
070	2	OfficeSmall	6	4	2	4	1.0	B	F5
070	2	HighSmall	6	6	0	4	0.67	B	B5
070	2	OfficeLarge	6	6	0	5	0.83	B	E5
070	2	HighLarge	6	5	1	2	0.4	B	A5
070	2	LowSmall	6	6	0	2	0.33	B	D5
114	5	HighSmall	6	6	0	5	0.83	A	B2
114	5	HighLarge	6	6	0	5	0.83	A	A2
114	5	OfficeLarge	6	6	0	0	0.0	A	E2
114	5	LowLarge	6	6	0	3	0.5	A	C2
114	5	LowSmall	6	6	0	4	0.67	A	D2
114	5	OfficeSmall	6	6	0	0	0.0	A	F2
114	2	LowSmall	6	6	0	4	0.67	A	D3
114	2	OfficeLarge	6	6	0	0	0.0	A	E3
114	2	HighSmall	6	5	1	3	0.6	A	B3
114	2	OfficeSmall	6	6	0	0	0.0	A	F3
114	2	HighLarge	6	6	0	6	1.0	A	A3
114	2	LowLarge	6	5	1	3	0.6	A	C3
114	3	OfficeSmall	6	6	0	0	0.0	A	F4
114	3	HighSmall	6	6	0	6	1.0	A	B4
114	3	LowLarge	6	5	1	4	0.8	A	C4
114	3	OfficeLarge	6	6	0	0	0.0	A	E4
114	3	LowSmall	6	6	0	3	0.5	A	D4
114	3	HighLarge	6	6	0	6	1.0	A	A4
114	4	LowLarge	6	6	0	4	0.67	A	C5
114	4	OfficeSmall	6	6	0	0	0.0	A	F5
114	4	HighSmall	6	6	0	6	1.0	A	B5
114	4	OfficeLarge	6	6	0	0	0.0	A	E5
114	4	HighLarge	6	6	0	4	0.67	A	A5
114	4	LowSmall	6	5	1	3	0.6	A	D5
114	1	HighLarge	6	6	0	4	0.67	A	A1
114	1	OfficeSmall	6	5	1	2	0.4	A	F1
114	1	LowLarge	6	6	0	3	0.5	A	C1
114	1	LowSmall	6	5	1	4	0.8	A	D1
114	1	OfficeLarge	6	6	0	0	0.0	A	E1
114	1	HighSmall	6	6	0	3	0.5	A	B1
128	1	HighSmall	6	6	0	6	1.0	B	B2
128	1	HighLarge	6	4	2	3	0.75	B	A2
128	1	OfficeLarge	6	4	2	1	0.25	B	E2
128	1	LowLarge	6	5	1	3	0.6	B	C2
128	1	LowSmall	6	3	3	3	1.0	B	D2
128	1	OfficeSmall	6	5	1	2	0.4	B	F2
128	4	LowSmall	6	6	0	0	0.0	B	D3
128	4	OfficeLarge	6	5	1	2	0.4	B	E3
128	4	HighSmall	6	5	1	4	0.8	B	B3
128	4	OfficeSmall	6	5	1	5	1.0	B	F3
128	4	HighLarge	6	6	0	6	1.0	B	A3
128	4	LowLarge	6	6	0	2	0.33	B	C3
128	3	OfficeSmall	6	4	2	1	0.25	B	F4
128	3	HighSmall	6	6	0	6	1.0	B	B4
128	3	LowLarge	6	5	1	1	0.2	B	C4
128	3	OfficeLarge	6	5	1	5	1.0	B	E4
128	3	LowSmall	6	6	0	2	0.33	B	D4
128	3	HighLarge	6	6	0	5	0.83	B	A4
128	2	LowLarge	6	5	1	4	0.8	B	C5
128	2	OfficeSmall	6	5	1	1	0.2	B	F5
128	2	HighSmall	6	6	0	6	1.0	B	B5
128	2	OfficeLarge	6	5	1	0	0.0	B	E5
128	2	HighLarge	6	6	0	6	1.0	B	A5
128	2	LowSmall	6	6	0	2	0.33	B	D5
128	5	HighLarge	6	6	0	6	1.0	B	A1
128	5	OfficeSmall	6	5	1	2	0.4	B	F1
128	5	LowLarge	6	5	1	1	0.2	B	C1
128	5	LowSmall	6	5	1	1	0.2	B	D1
128	5	OfficeLarge	6	5	1	1	0.2	B	E1
128	5	HighSmall	6	6	0	6	1.0	B	B1
078	5	HighSmall	6	6	0	6	1.0	A	B2
078	5	HighLarge	6	6	0	6	1.0	A	A2
078	5	OfficeLarge	6	6	0	1	0.17	A	E2
078	5	LowLarge	6	5	1	5	1.0	A	C2
078	5	LowSmall	6	6	0	5	0.83	A	D2
078	5	OfficeSmall	6	6	0	0	0.0	A	F2
078	2	LowSmall	6	6	0	5	0.83	A	D3
078	2	OfficeLarge	6	6	0	0	0.0	A	E3
078	2	HighSmall	6	6	0	6	1.0	A	B3
078	2	OfficeSmall	6	6	0	0	0.0	A	F3
078	2	HighLarge	6	6	0	6	1.0	A	A3
078	2	LowLarge	6	6	0	5	0.83	A	C3
078	3	OfficeSmall	6	6	0	0	0.0	A	F4
078	3	HighSmall	6	6	0	6	1.0	A	B4
078	3	LowLarge	6	6	0	5	0.83	A	C4
078	3	OfficeLarge	6	6	0	0	0.0	A	E4
078	3	LowSmall	6	6	0	6	1.0	A	D4
078	3	HighLarge	6	6	0	6	1.0	A	A4
078	4	LowLarge	6	6	0	6	1.0	A	C5
078	4	OfficeSmall	6	6	0	0	0.0	A	F5
078	4	HighSmall	6	6	0	6	1.0	A	B5
078	4	OfficeLarge	6	6	0	0	0.0	A	E5
078	4	HighLarge	6	6	0	6	1.0	A	A5
078	4	LowSmall	6	6	0	6	1.0	A	D5
078	1	HighLarge	6	6	0	6	1.0	A	A1
078	1	OfficeSmall	6	6	0	0	0.0	A	F1
078	1	LowLarge	6	6	0	4	0.67	A	C1
078	1	LowSmall	6	6	0	4	0.67	A	D1
078	1	OfficeLarge	6	6	0	0	0.0	A	E1
078	1	HighSmall	6	6	0	5	0.83	A	B1
118	2	LowLarge	6	5	1	1	0.2	B	C5
118	2	OfficeSmall	6	6	0	1	0.17	B	F5
118	2	HighSmall	6	6	0	3	0.5	B	B5
118	2	OfficeLarge	6	6	0	1	0.17	B	E5
118	2	HighLarge	6	6	0	4	0.67	B	A5
118	2	LowSmall	6	5	1	5	1.0	B	D5
118	5	HighLarge	6	6	0	5	0.83	B	A1
118	5	OfficeSmall	6	6	0	0	0.0	B	F1
118	5	LowLarge	6	6	0	2	0.33	B	C1
118	5	LowSmall	6	6	0	4	0.67	B	D1
118	5	OfficeLarge	6	5	1	0	0.0	B	E1
118	5	HighSmall	6	6	0	5	0.83	B	B1
118	4	LowSmall	6	6	0	3	0.5	B	D3
118	4	OfficeLarge	6	6	0	0	0.0	B	E3
118	4	HighSmall	6	6	0	5	0.83	B	B3
118	4	OfficeSmall	6	6	0	0	0.0	B	F3
118	4	HighLarge	6	6	0	4	0.67	B	A3
118	4	LowLarge	6	6	0	2	0.33	B	C3
118	3	OfficeSmall	6	6	0	0	0.0	B	F4
118	3	HighSmall	6	6	0	6	1.0	B	B4
118	3	LowLarge	6	6	0	3	0.5	B	C4
118	3	OfficeLarge	6	6	0	0	0.0	B	E4
118	3	LowSmall	6	6	0	4	0.67	B	D4
118	3	HighLarge	6	6	0	3	0.5	B	A4
118	1	HighSmall	6	5	1	5	1.0	B	B2
118	1	HighLarge	6	6	0	6	1.0	B	A2
118	1	OfficeLarge	6	3	3	1	0.33	B	E2
118	1	LowLarge	6	3	3	1	0.33	B	C2
118	1	LowSmall	6	6	0	4	0.67	B	D2
118	1	OfficeSmall	6	6	0	0	0.0	B	F2
043	2	LowLarge	6	6	0	2	0.33	B	C5
043	2	OfficeSmall	6	6	0	6	1.0	B	F5
043	2	HighSmall	6	6	0	5	0.83	B	B5
043	2	OfficeLarge	6	5	1	3	0.6	B	E5
043	2	HighLarge	6	6	0	6	1.0	B	A5
043	2	LowSmall	6	6	0	1	0.17	B	D5
043	5	HighLarge	6	6	0	6	1.0	B	A1
043	5	OfficeSmall	6	6	0	0	0.0	B	F1
043	5	LowLarge	6	6	0	2	0.33	B	C1
043	5	LowSmall	6	6	0	4	0.67	B	D1
043	5	OfficeLarge	6	6	0	0	0.0	B	E1
043	5	HighSmall	6	6	0	6	1.0	B	B1
043	4	LowSmall	6	6	0	3	0.5	B	D3
043	4	OfficeLarge	6	6	0	0	0.0	B	E3
043	4	HighSmall	6	6	0	6	1.0	B	B3
043	4	OfficeSmall	6	6	0	0	0.0	B	F3
043	4	HighLarge	6	6	0	6	1.0	B	A3
043	4	LowLarge	6	6	0	1	0.17	B	C3
043	3	OfficeSmall	6	6	0	0	0.0	B	F4
043	3	HighSmall	6	6	0	6	1.0	B	B4
043	3	LowLarge	6	6	0	2	0.33	B	C4
043	3	OfficeLarge	6	6	0	0	0.0	B	E4
043	3	LowSmall	6	6	0	2	0.33	B	D4
043	3	HighLarge	6	6	0	6	1.0	B	A4
043	1	HighSmall	6	5	1	5	1.0	B	B2
043	1	HighLarge	6	6	0	5	0.83	B	A2
043	1	OfficeLarge	6	6	0	2	0.33	B	E2
043	1	LowLarge	6	6	0	2	0.33	B	C2
043	1	LowSmall	6	6	0	2	0.33	B	D2
043	1	OfficeSmall	6	5	1	3	0.6	B	F2
030	5	HighSmall	6	6	0	3	0.5	A	B2
030	5	HighLarge	6	6	0	3	0.5	A	A2
030	5	OfficeLarge	6	6	0	2	0.33	A	E2
030	5	LowLarge	6	5	1	3	0.6	A	C2
030	5	LowSmall	6	5	1	2	0.4	A	D2
030	5	OfficeSmall	6	6	0	2	0.33	A	F2
030	2	LowSmall	6	6	0	1	0.17	A	D3
030	2	OfficeLarge	6	6	0	3	0.5	A	E3
030	2	HighSmall	6	5	1	2	0.4	A	B3
030	2	OfficeSmall	6	6	0	1	0.17	A	F3
030	2	HighLarge	6	6	0	3	0.5	A	A3
030	2	LowLarge	6	6	0	3	0.5	A	C3
030	3	OfficeSmall	6	5	1	3	0.6	A	F4
030	3	HighSmall	6	6	0	5	0.83	A	B4
030	3	LowLarge	6	6	0	2	0.33	A	C4
030	3	OfficeLarge	6	5	1	2	0.4	A	E4
030	3	LowSmall	6	5	1	2	0.4	A	D4
030	3	HighLarge	6	6	0	5	0.83	A	A4
030	4	LowLarge	6	5	1	1	0.2	A	C5
030	4	OfficeSmall	6	6	0	3	0.5	A	F5
030	4	HighSmall	6	5	1	4	0.8	A	B5
030	4	OfficeLarge	6	5	1	1	0.2	A	E5
030	4	HighLarge	6	6	0	6	1.0	A	A5
030	4	LowSmall	6	6	0	3	0.5	A	D5
030	1	HighLarge	6	5	1	2	0.4	A	A1
030	1	OfficeSmall	6	6	0	2	0.33	A	F1
030	1	LowLarge	6	6	0	2	0.33	A	C1
030	1	LowSmall	6	6	0	1	0.17	A	D1
030	1	OfficeLarge	6	4	2	4	1.0	A	E1
030	1	HighSmall	6	5	1	5	1.0	A	B1
068	2	LowSmall	6	6	0	6	1.0	A	D3
068	2	OfficeLarge	6	6	0	3	0.5	A	E3
068	2	HighSmall	6	6	0	6	1.0	A	B3
068	2	OfficeSmall	6	6	0	6	1.0	A	F3
068	2	HighLarge	6	6	0	5	0.83	A	A3
068	2	LowLarge	6	6	0	5	0.83	A	C3
068	5	HighSmall	6	6	0	6	1.0	A	B2
068	5	HighLarge	6	6	0	6	1.0	A	A2
068	5	OfficeLarge	6	6	0	6	1.0	A	E2
068	5	LowLarge	6	6	0	6	1.0	A	C2
068	5	LowSmall	6	5	1	5	1.0	A	D2
068	5	OfficeSmall	6	6	0	6	1.0	A	F2
068	4	LowLarge	6	6	0	6	1.0	A	C5
068	4	OfficeSmall	6	6	0	6	1.0	A	F5
068	4	HighSmall	6	6	0	6	1.0	A	B5
068	4	OfficeLarge	6	6	0	6	1.0	A	E5
068	4	HighLarge	6	6	0	6	1.0	A	A5
068	4	LowSmall	6	6	0	6	1.0	A	D5
068	3	OfficeSmall	6	6	0	6	1.0	A	F4
068	3	HighSmall	6	6	0	6	1.0	A	B4
068	3	LowLarge	6	4	2	3	0.75	A	C4
068	3	OfficeLarge	6	6	0	6	1.0	A	E4
068	3	LowSmall	6	6	0	6	1.0	A	D4
068	3	HighLarge	6	6	0	6	1.0	A	A4
068	1	HighLarge	6	6	0	6	1.0	A	A1
068	1	OfficeSmall	6	6	0	1	0.17	A	F1
068	1	LowLarge	6	6	0	6	1.0	A	C1
068	1	LowSmall	6	6	0	4	0.67	A	D1
068	1	OfficeLarge	6	6	0	4	0.67	A	E1
068	1	HighSmall	6	5	1	4	0.8	A	B1
040	5	HighSmall	6	6	0	6	1.0	A	B2
040	5	HighLarge	6	6	0	6	1.0	A	A2
040	5	OfficeLarge	6	6	0	0	0.0	A	E2
040	5	LowLarge	6	6	0	6	1.0	A	C2
040	5	LowSmall	6	6	0	6	1.0	A	D2
040	5	OfficeSmall	6	6	0	0	0.0	A	F2
040	2	LowSmall	6	6	0	6	1.0	A	D3
040	2	OfficeLarge	6	6	0	0	0.0	A	E3
040	2	HighSmall	6	6	0	6	1.0	A	B3
040	2	OfficeSmall	6	6	0	1	0.17	A	F3
040	2	HighLarge	6	6	0	6	1.0	A	A3
040	2	LowLarge	6	5	1	5	1.0	A	C3
040	3	OfficeSmall	6	6	0	0	0.0	A	F4
040	3	HighSmall	6	6	0	6	1.0	A	B4
040	3	LowLarge	6	6	0	6	1.0	A	C4
040	3	OfficeLarge	6	6	0	0	0.0	A	E4
040	3	LowSmall	6	6	0	6	1.0	A	D4
040	3	HighLarge	6	6	0	6	1.0	A	A4
040	4	LowLarge	6	6	0	6	1.0	A	C5
040	4	OfficeSmall	6	6	0	0	0.0	A	F5
040	4	HighSmall	6	6	0	6	1.0	A	B5
040	4	OfficeLarge	6	6	0	0	0.0	A	E5
040	4	HighLarge	6	5	1	5	1.0	A	A5
040	4	LowSmall	6	6	0	6	1.0	A	D5
040	1	HighLarge	6	6	0	6	1.0	A	A1
040	1	OfficeSmall	6	6	0	0	0.0	A	F1
040	1	LowLarge	6	6	0	6	1.0	A	C1
040	1	LowSmall	6	6	0	6	1.0	A	D1
040	1	OfficeLarge	6	6	0	0	0.0	A	E1
040	1	HighSmall	6	6	0	6	1.0	A	B1
095	5	HighSmall	6	6	0	3	0.5	A	B2
095	5	HighLarge	6	6	0	4	0.67	A	A2
095	5	OfficeLarge	6	6	0	0	0.0	A	E2
095	5	LowLarge	6	6	0	1	0.17	A	C2
095	5	LowSmall	6	6	0	5	0.83	A	D2
095	5	OfficeSmall	6	6	0	0	0.0	A	F2
095	2	LowSmall	6	6	0	4	0.67	A	D3
095	2	OfficeLarge	6	6	0	1	0.17	A	E3
095	2	HighSmall	6	6	0	3	0.5	A	B3
095	2	OfficeSmall	6	6	0	0	0.0	A	F3
095	2	HighLarge	6	6	0	5	0.83	A	A3
095	2	LowLarge	6	6	0	5	0.83	A	C3
095	3	OfficeSmall	6	6	0	1	0.17	A	F4
095	3	HighSmall	6	6	0	4	0.67	A	B4
095	3	LowLarge	6	5	1	3	0.6	A	C4
095	3	OfficeLarge	6	6	0	0	0.0	A	E4
095	3	LowSmall	6	6	0	2	0.33	A	D4
095	3	HighLarge	6	6	0	4	0.67	A	A4
095	4	LowLarge	6	6	0	5	0.83	A	C5
095	4	OfficeSmall	6	6	0	0	0.0	A	F5
095	4	HighSmall	6	6	0	4	0.67	A	B5
095	4	OfficeLarge	6	6	0	0	0.0	A	E5
095	4	HighLarge	6	6	0	4	0.67	A	A5
095	4	LowSmall	6	6	0	5	0.83	A	D5
095	1	HighLarge	6	6	0	4	0.67	A	A1
095	1	OfficeSmall	6	6	0	3	0.5	A	F1
095	1	LowLarge	6	6	0	4	0.67	A	C1
095	1	LowSmall	6	6	0	5	0.83	A	D1
095	1	OfficeLarge	6	6	0	2	0.33	A	E1
095	1	HighSmall	6	5	1	3	0.6	A	B1
005	1	HighLarge	6	6	0	3	0.5	A	A1
005	1	OfficeSmall	6	4	2	3	0.75	A	F1
005	1	LowLarge	6	6	0	5	0.83	A	C1
005	1	LowSmall	6	6	0	4	0.67	A	D1
005	1	OfficeLarge	6	1	5	1	1.0	A	E1
005	1	HighSmall	6	6	0	4	0.67	A	B1
005	2	LowSmall	6	6	0	5	0.83	A	D3
005	2	OfficeLarge	6	4	2	4	1.0	A	E3
005	2	HighSmall	6	6	0	4	0.67	A	B3
005	2	OfficeSmall	6	5	1	4	0.8	A	F3
005	2	HighLarge	6	6	0	5	0.83	A	A3
005	2	LowLarge	6	6	0	4	0.67	A	C3
005	5	HighSmall	6	5	1	4	0.8	A	B2
005	5	HighLarge	6	5	1	3	0.6	A	A2
005	5	OfficeLarge	6	6	0	4	0.67	A	E2
005	5	LowLarge	6	5	1	5	1.0	A	C2
005	5	LowSmall	6	5	1	5	1.0	A	D2
005	5	OfficeSmall	6	5	1	5	1.0	A	F2
005	4	LowLarge	6	6	0	6	1.0	A	C5
005	4	OfficeSmall	6	6	0	5	0.83	A	F5
005	4	HighSmall	6	6	0	4	0.67	A	B5
005	4	OfficeLarge	6	6	0	1	0.17	A	E5
005	4	HighLarge	6	6	0	4	0.67	A	A5
005	4	LowSmall	6	5	1	4	0.8	A	D5
005	3	OfficeSmall	6	4	2	3	0.75	A	F4
005	3	HighSmall	6	6	0	5	0.83	A	B4
005	3	LowLarge	6	6	0	4	0.67	A	C4
005	3	OfficeLarge	6	5	1	4	0.8	A	E4
005	3	LowSmall	6	6	0	5	0.83	A	D4
005	3	HighLarge	6	6	0	4	0.67	A	A4
023	5	HighSmall	6	6	0	4	0.67	A	B2
023	5	HighLarge	6	6	0	5	0.83	A	A2
023	5	OfficeLarge	6	6	0	0	0.0	A	E2
023	5	LowLarge	6	6	0	3	0.5	A	C2
023	5	LowSmall	6	6	0	4	0.67	A	D2
023	5	OfficeSmall	6	6	0	0	0.0	A	F2
023	2	LowSmall	6	5	1	0	0.0	A	D3
023	2	OfficeLarge	6	6	0	0	0.0	A	E3
023	2	HighSmall	6	6	0	5	0.83	A	B3
023	2	OfficeSmall	6	6	0	0	0.0	A	F3
023	2	HighLarge	6	6	0	6	1.0	A	A3
023	2	LowLarge	6	6	0	2	0.33	A	C3
023	3	OfficeSmall	6	6	0	0	0.0	A	F4
023	3	HighSmall	6	6	0	6	1.0	A	B4
023	3	LowLarge	6	6	0	1	0.17	A	C4
023	3	OfficeLarge	6	6	0	0	0.0	A	E4
023	3	LowSmall	6	6	0	4	0.67	A	D4
023	3	HighLarge	6	6	0	6	1.0	A	A4
023	4	LowLarge	6	6	0	3	0.5	A	C5
023	4	OfficeSmall	6	6	0	1	0.17	A	F5
023	4	HighSmall	6	6	0	6	1.0	A	B5
023	4	OfficeLarge	6	6	0	0	0.0	A	E5
023	4	HighLarge	6	6	0	6	1.0	A	A5
023	4	LowSmall	6	6	0	1	0.17	A	D5
023	1	HighLarge	6	6	0	4	0.67	A	A1
023	1	OfficeSmall	6	6	0	0	0.0	A	F1
023	1	LowLarge	6	5	1	0	0.0	A	C1
023	1	LowSmall	6	6	0	1	0.17	A	D1
023	1	OfficeLarge	6	6	0	0	0.0	A	E1
023	1	HighSmall	6	6	0	6	1.0	A	B1
090	4	LowSmall	6	5	1	1	0.2	B	D3
090	4	OfficeLarge	6	6	0	0	0.0	B	E3
090	4	HighSmall	6	6	0	5	0.83	B	B3
090	4	OfficeSmall	6	6	0	0	0.0	B	F3
090	4	HighLarge	6	6	0	6	1.0	B	A3
090	4	LowLarge	6	6	0	6	1.0	B	C3
090	3	OfficeSmall	6	6	0	0	0.0	B	F4
090	3	HighSmall	6	6	0	6	1.0	B	B4
090	3	LowLarge	6	5	1	1	0.2	B	C4
090	3	OfficeLarge	6	6	0	0	0.0	B	E4
090	3	LowSmall	6	6	0	4	0.67	B	D4
090	3	HighLarge	6	6	0	6	1.0	B	A4
090	2	LowLarge	6	6	0	6	1.0	B	C5
090	2	OfficeSmall	6	6	0	0	0.0	B	F5
090	2	HighSmall	6	6	0	5	0.83	B	B5
090	2	OfficeLarge	6	6	0	0	0.0	B	E5
090	2	HighLarge	6	6	0	6	1.0	B	A5
090	2	LowSmall	6	6	0	5	0.83	B	D5
090	5	HighLarge	6	6	0	6	1.0	B	A1
090	5	OfficeSmall	6	6	0	0	0.0	B	F1
090	5	LowLarge	6	5	1	1	0.2	B	C1
090	5	LowSmall	6	6	0	1	0.17	B	D1
090	5	OfficeLarge	6	6	0	0	0.0	B	E1
090	5	HighSmall	6	6	0	6	1.0	B	B1
090	1	HighSmall	6	6	0	6	1.0	B	B2
090	1	HighLarge	6	6	0	6	1.0	B	A2
090	1	OfficeLarge	6	6	0	1	0.17	B	E2
090	1	LowLarge	6	5	1	2	0.4	B	C2
090	1	LowSmall	6	6	0	6	1.0	B	D2
090	1	OfficeSmall	6	6	0	1	0.17	B	F2
069	1	HighLarge	6	6	0	2	0.33	0	A1
069	1	OfficeSmall	6	4	2	2	0.5	0	F1
069	1	LowLarge	6	6	0	4	0.67	0	C1
069	1	LowSmall	6	6	0	2	0.33	0	D1
069	1	OfficeLarge	6	4	2	3	0.75	0	E1
069	1	HighSmall	6	6	0	2	0.33	0	B1
069	2	LowSmall	6	6	0	3	0.5	0	D3
069	2	OfficeLarge	6	4	2	3	0.75	0	E3
069	2	HighSmall	6	4	2	3	0.75	0	B3
069	2	OfficeSmall	6	6	0	4	0.67	0	F3
069	2	HighLarge	6	6	0	5	0.83	0	A3
069	2	LowLarge	6	6	0	3	0.5	0	C3
069	5	HighSmall	6	5	1	2	0.4	0	B2
069	5	HighLarge	6	5	1	3	0.6	0	A2
069	5	OfficeLarge	6	5	1	4	0.8	0	E2
069	5	LowLarge	6	5	1	4	0.8	0	C2
069	5	LowSmall	6	6	0	6	1.0	0	D2
069	5	OfficeSmall	6	4	2	3	0.75	0	F2
069	4	LowLarge	6	5	1	5	1.0	0	C5
069	4	OfficeSmall	6	6	0	5	0.83	0	F5
069	4	HighSmall	6	3	3	3	1.0	0	B5
069	4	OfficeLarge	6	5	1	4	0.8	0	E5
069	4	HighLarge	6	5	1	3	0.6	0	A5
069	4	LowSmall	6	5	1	3	0.6	0	D5
069	3	OfficeSmall	6	5	1	4	0.8	0	F4
069	3	HighSmall	6	6	0	5	0.83	0	B4
069	3	LowLarge	6	6	0	4	0.67	0	C4
069	3	OfficeLarge	6	6	0	5	0.83	0	E4
069	3	LowSmall	6	4	2	3	0.75	0	D4
069	3	HighLarge	6	6	0	3	0.5	0	A4
018	2	LowLarge	6	6	0	5	0.83	0	C5
018	2	OfficeSmall	6	6	0	2	0.33	0	F5
018	2	HighSmall	6	6	0	3	0.5	0	B5
018	2	OfficeLarge	6	5	1	0	0.0	0	E5
018	2	HighLarge	6	6	0	3	0.5	0	A5
018	2	LowSmall	6	6	0	5	0.83	0	D5
018	5	HighLarge	6	6	0	5	0.83	0	A1
018	5	OfficeSmall	6	6	0	4	0.67	0	F1
018	5	LowLarge	6	6	0	3	0.5	0	C1
018	5	LowSmall	6	1	5	1	1.0	0	D1
018	5	OfficeLarge	6	2	4	2	1.0	0	E1
018	5	HighSmall	6	6	0	3	0.5	0	B1
018	4	LowSmall	6	6	0	3	0.5	0	D3
018	4	OfficeLarge	6	5	1	3	0.6	0	E3
018	4	HighSmall	6	6	0	4	0.67	0	B3
018	4	OfficeSmall	6	4	2	0	0.0	0	F3
018	4	HighLarge	6	6	0	4	0.67	0	A3
018	4	LowLarge	6	6	0	4	0.67	0	C3
018	3	OfficeSmall	6	6	0	4	0.67	0	F4
018	3	HighSmall	6	6	0	4	0.67	0	B4
018	3	LowLarge	6	6	0	3	0.5	0	C4
018	3	OfficeLarge	6	6	0	3	0.5	0	E4
018	3	LowSmall	6	6	0	4	0.67	0	D4
018	3	HighLarge	6	5	1	3	0.6	0	A4
018	1	HighSmall	6	6	0	5	0.83	0	B2
018	1	HighLarge	6	6	0	5	0.83	0	A2
018	1	OfficeLarge	6	6	0	2	0.33	0	E2
018	1	LowLarge	6	6	0	4	0.67	0	C2
018	1	LowSmall	6	5	1	5	1.0	0	D2
018	1	OfficeSmall	6	6	0	1	0.17	0	F2
033	2	LowLarge	6	6	0	6	1.0	B	C5
033	2	OfficeSmall	6	6	0	4	0.67	B	F5
033	2	HighSmall	6	6	0	6	1.0	B	B5
033	2	OfficeLarge	6	6	0	4	0.67	B	E5
033	2	HighLarge	6	5	1	5	1.0	B	A5
033	2	LowSmall	6	5	1	5	1.0	B	D5
033	5	HighLarge	6	6	0	6	1.0	B	A1
033	5	OfficeSmall	6	6	0	5	0.83	B	F1
033	5	LowLarge	6	5	1	4	0.8	B	C1
033	5	LowSmall	6	6	0	6	1.0	B	D1
033	5	OfficeLarge	6	6	0	6	1.0	B	E1
033	5	HighSmall	6	6	0	6	1.0	B	B1
033	4	LowSmall	6	6	0	4	0.67	B	D3
033	4	OfficeLarge	6	6	0	5	0.83	B	E3
033	4	HighSmall	6	6	0	6	1.0	B	B3
033	4	OfficeSmall	6	6	0	3	0.5	B	F3
033	4	HighLarge	6	6	0	6	1.0	B	A3
033	4	LowLarge	6	6	0	5	0.83	B	C3
033	3	OfficeSmall	6	6	0	6	1.0	B	F4
033	3	HighSmall	6	6	0	6	1.0	B	B4
033	3	LowLarge	6	6	0	4	0.67	B	C4
033	3	OfficeLarge	6	6	0	6	1.0	B	E4
033	3	LowSmall	6	6	0	4	0.67	B	D4
033	3	HighLarge	6	6	0	6	1.0	B	A4
033	1	HighSmall	6	6	0	5	0.83	B	B2
033	1	HighLarge	6	6	0	6	1.0	B	A2
033	1	OfficeLarge	6	6	0	0	0.0	B	E2
033	1	LowLarge	6	6	0	4	0.67	B	C2
033	1	LowSmall	6	6	0	6	1.0	B	D2
033	1	OfficeSmall	6	6	0	3	0.5	B	F2
054	1	HighLarge	6	6	0	5	0.83	A	A1
054	1	OfficeSmall	6	6	0	2	0.33	A	F1
054	1	LowLarge	6	5	1	1	0.2	A	C1
054	1	LowSmall	6	6	0	3	0.5	A	D1
054	1	OfficeLarge	6	6	0	1	0.17	A	E1
054	1	HighSmall	6	5	1	4	0.8	A	B1
054	3	OfficeSmall	6	6	0	2	0.33	A	F4
054	3	HighSmall	6	6	0	6	1.0	A	B4
054	3	LowLarge	6	5	1	4	0.8	A	C4
054	3	OfficeLarge	6	5	1	1	0.2	A	E4
054	3	LowSmall	6	6	0	5	0.83	A	D4
054	3	HighLarge	6	6	0	6	1.0	A	A4
054	4	LowLarge	6	6	0	4	0.67	A	C5
054	4	OfficeSmall	6	6	0	3	0.5	A	F5
054	4	HighSmall	6	6	0	6	1.0	A	B5
054	4	OfficeLarge	6	6	0	3	0.5	A	E5
054	4	HighLarge	6	6	0	6	1.0	A	A5
054	4	LowSmall	6	6	0	6	1.0	A	D5
054	5	HighSmall	6	6	0	5	0.83	A	B2
054	5	HighLarge	6	6	0	4	0.67	A	A2
054	5	OfficeLarge	6	6	0	4	0.67	A	E2
054	5	LowLarge	6	5	1	5	1.0	A	C2
054	5	LowSmall	6	6	0	6	1.0	A	D2
054	5	OfficeSmall	6	6	0	4	0.67	A	F2
054	2	LowSmall	6	6	0	2	0.33	A	D3
054	2	OfficeLarge	6	6	0	3	0.5	A	E3
054	2	HighSmall	6	6	0	4	0.67	A	B3
054	2	OfficeSmall	6	6	0	3	0.5	A	F3
054	2	HighLarge	6	6	0	6	1.0	A	A3
054	2	LowLarge	6	6	0	5	0.83	A	C3
035	4	LowSmall	6	6	0	4	0.67	B	D3
035	4	OfficeLarge	6	4	2	2	0.5	B	E3
035	4	HighSmall	6	2	4	2	1.0	B	B3
035	4	OfficeSmall	6	4	2	3	0.75	B	F3
035	4	HighLarge	6	5	1	3	0.6	B	A3
035	4	LowLarge	6	3	3	2	0.67	B	C3
035	3	OfficeSmall	6	5	1	3	0.6	B	F4
035	3	HighSmall	6	2	4	2	1.0	B	B4
035	3	LowLarge	6	4	2	2	0.5	B	C4
035	3	OfficeLarge	6	3	3	1	0.33	B	E4
035	3	LowSmall	6	6	0	3	0.5	B	D4
035	3	HighLarge	6	4	2	3	0.75	B	A4
035	2	LowLarge	6	5	1	4	0.8	B	C5
035	2	OfficeSmall	6	3	3	2	0.67	B	F5
035	2	HighSmall	6	3	3	1	0.33	B	B5
035	2	OfficeLarge	6	3	3	1	0.33	B	E5
035	2	HighLarge	6	2	4	2	1.0	B	A5
035	2	LowSmall	6	4	2	3	0.75	B	D5
035	1	HighSmall	6	5	1	3	0.6	B	B2
035	1	HighLarge	6	2	4	0	0.0	B	A2
035	1	OfficeLarge	6	3	3	3	1.0	B	E2
035	1	LowLarge	6	0	6	0		B	C2
035	1	LowSmall	6	2	4	1	0.5	B	D2
035	1	OfficeSmall	6	1	5	1	1.0	B	F2
123	5	HighSmall	6	6	0	6	1.0	A	B2
123	5	HighLarge	6	6	0	4	0.67	A	A2
123	5	OfficeLarge	6	6	0	4	0.67	A	E2
123	5	LowLarge	6	6	0	3	0.5	A	C2
123	5	LowSmall	6	6	0	6	1.0	A	D2
123	5	OfficeSmall	6	6	0	1	0.17	A	F2
123	2	LowSmall	6	6	0	5	0.83	A	D3
123	2	OfficeLarge	6	6	0	1	0.17	A	E3
123	2	HighSmall	6	6	0	4	0.67	A	B3
123	2	OfficeSmall	6	6	0	2	0.33	A	F3
123	2	HighLarge	6	6	0	6	1.0	A	A3
123	2	LowLarge	6	6	0	4	0.67	A	C3
123	3	OfficeSmall	6	6	0	5	0.83	A	F4
123	3	HighSmall	6	6	0	6	1.0	A	B4
123	3	LowLarge	6	5	1	3	0.6	A	C4
123	3	OfficeLarge	6	5	1	0	0.0	A	E4
123	3	LowSmall	6	6	0	2	0.33	A	D4
123	3	HighLarge	6	6	0	6	1.0	A	A4
123	4	LowLarge	6	6	0	6	1.0	A	C5
123	4	OfficeSmall	6	6	0	4	0.67	A	F5
123	4	HighSmall	6	6	0	6	1.0	A	B5
123	4	OfficeLarge	6	6	0	4	0.67	A	E5
123	4	HighLarge	6	6	0	5	0.83	A	A5
123	4	LowSmall	6	6	0	5	0.83	A	D5
123	1	HighLarge	6	6	0	6	1.0	A	A1
123	1	OfficeSmall	6	6	0	0	0.0	A	F1
123	1	LowLarge	6	6	0	3	0.5	A	C1
123	1	LowSmall	6	6	0	4	0.67	A	D1
123	1	OfficeLarge	6	6	0	1	0.17	A	E1
123	1	HighSmall	6	6	0	4	0.67	A	B1
052	1	HighSmall	6	5	1	5	1.0	B	B2
052	1	HighLarge	6	6	0	5	0.83	B	A2
052	1	OfficeLarge	6	6	0	0	0.0	B	E2
052	1	LowLarge	6	5	1	4	0.8	B	C2
052	1	LowSmall	6	6	0	6	1.0	B	D2
052	1	OfficeSmall	6	5	1	0	0.0	B	F2
052	5	HighLarge	6	5	1	4	0.8	B	A1
052	5	OfficeSmall	6	6	0	0	0.0	B	F1
052	5	LowLarge	6	6	0	3	0.5	B	C1
052	5	LowSmall	6	6	0	2	0.33	B	D1
052	5	OfficeLarge	6	6	0	0	0.0	B	E1
052	5	HighSmall	6	6	0	6	1.0	B	B1
052	2	LowLarge	6	6	0	5	0.83	B	C5
052	2	OfficeSmall	6	6	0	0	0.0	B	F5
052	2	HighSmall	6	6	0	5	0.83	B	B5
052	2	OfficeLarge	6	6	0	1	0.17	B	E5
052	2	HighLarge	6	6	0	6	1.0	B	A5
052	2	LowSmall	6	6	0	5	0.83	B	D5
052	3	OfficeSmall	6	6	0	1	0.17	B	F4
052	3	HighSmall	6	6	0	6	1.0	B	B4
052	3	LowLarge	6	5	1	4	0.8	B	C4
052	3	OfficeLarge	6	6	0	0	0.0	B	E4
052	3	LowSmall	6	6	0	4	0.67	B	D4
052	3	HighLarge	6	6	0	4	0.67	B	A4
052	4	LowSmall	6	6	0	4	0.67	B	D3
052	4	OfficeLarge	6	6	0	0	0.0	B	E3
052	4	HighSmall	6	6	0	6	1.0	B	B3
052	4	OfficeSmall	6	5	1	0	0.0	B	F3
052	4	HighLarge	6	6	0	5	0.83	B	A3
052	4	LowLarge	6	6	0	5	0.83	B	C3
003	1	HighLarge	6	6	0	5	0.83	A	A1
003	1	OfficeSmall	6	5	1	2	0.4	A	F1
003	1	LowLarge	6	6	0	3	0.5	A	C1
003	1	LowSmall	6	6	0	2	0.33	A	D1
003	1	OfficeLarge	6	6	0	4	0.67	A	E1
003	1	HighSmall	6	6	0	5	0.83	A	B1
003	4	LowLarge	6	6	0	6	1.0	A	C5
003	4	OfficeSmall	6	6	0	1	0.17	A	F5
003	4	HighSmall	6	6	0	1	0.17	A	B5
003	4	OfficeLarge	6	6	0	2	0.33	A	E5
003	4	HighLarge	6	6	0	5	0.83	A	A5
003	4	LowSmall	6	6	0	5	0.83	A	D5
003	3	OfficeSmall	6	6	0	3	0.5	A	F4
003	3	HighSmall	6	6	0	5	0.83	A	B4
003	3	LowLarge	6	6	0	2	0.33	A	C4
003	3	OfficeLarge	6	6	0	1	0.17	A	E4
003	3	LowSmall	6	6	0	4	0.67	A	D4
003	3	HighLarge	6	5	1	2	0.4	A	A4
003	2	LowSmall	6	6	0	3	0.5	A	D3
003	2	OfficeLarge	6	6	0	3	0.5	A	E3
003	2	HighSmall	6	6	0	4	0.67	A	B3
003	2	OfficeSmall	6	6	0	2	0.33	A	F3
003	2	HighLarge	6	6	0	5	0.83	A	A3
003	2	LowLarge	6	6	0	6	1.0	A	C3
003	5	HighSmall	6	6	0	6	1.0	A	B2
003	5	HighLarge	6	6	0	3	0.5	A	A2
003	5	OfficeLarge	6	6	0	1	0.17	A	E2
003	5	LowLarge	6	6	0	4	0.67	A	C2
003	5	LowSmall	6	6	0	6	1.0	A	D2
003	5	OfficeSmall	6	6	0	1	0.17	A	F2
048	1	HighLarge	6	5	1	4	0.8	A	A1
048	1	OfficeSmall	6	6	0	0	0.0	A	F1
048	1	LowLarge	6	6	0	0	0.0	A	C1
048	1	LowSmall	6	6	0	3	0.5	A	D1
048	1	OfficeLarge	6	6	0	0	0.0	A	E1
048	1	HighSmall	6	6	0	1	0.17	A	B1
048	3	OfficeSmall	6	6	0	0	0.0	A	F4
048	3	HighSmall	6	6	0	2	0.33	A	B4
048	3	LowLarge	6	4	2	2	0.5	A	C4
048	3	OfficeLarge	6	6	0	0	0.0	A	E4
048	3	LowSmall	6	6	0	4	0.67	A	D4
048	3	HighLarge	6	6	0	0	0.0	A	A4
048	4	LowLarge	6	6	0	2	0.33	A	C5
048	4	OfficeSmall	6	6	0	0	0.0	A	F5
048	4	HighSmall	6	6	0	0	0.0	A	B5
048	4	OfficeLarge	6	6	0	0	0.0	A	E5
048	4	HighLarge	6	6	0	0	0.0	A	A5
048	4	LowSmall	6	6	0	2	0.33	A	D5
048	5	HighSmall	6	6	0	4	0.67	A	B2
048	5	HighLarge	6	6	0	2	0.33	A	A2
048	5	OfficeLarge	6	6	0	0	0.0	A	E2
048	5	LowLarge	6	6	0	4	0.67	A	C2
048	5	LowSmall	6	6	0	3	0.5	A	D2
048	5	OfficeSmall	6	6	0	1	0.17	A	F2
048	2	LowSmall	6	6	0	0	0.0	A	D3
048	2	OfficeLarge	6	6	0	2	0.33	A	E3
048	2	HighSmall	6	6	0	2	0.33	A	B3
048	2	OfficeSmall	6	6	0	0	0.0	A	F3
048	2	HighLarge	6	6	0	2	0.33	A	A3
048	2	LowLarge	6	5	1	1	0.2	A	C3
073	1	HighLarge	6	6	0	2	0.33	A	A1
073	1	OfficeSmall	6	6	0	1	0.17	A	F1
073	1	LowLarge	6	6	0	4	0.67	A	C1
073	1	LowSmall	6	6	0	6	1.0	A	D1
073	1	OfficeLarge	6	6	0	0	0.0	A	E1
073	1	HighSmall	6	6	0	4	0.67	A	B1
073	4	LowLarge	6	6	0	3	0.5	A	C5
073	4	OfficeSmall	6	6	0	0	0.0	A	F5
073	4	HighSmall	6	6	0	5	0.83	A	B5
073	4	OfficeLarge	6	6	0	0	0.0	A	E5
073	4	HighLarge	6	6	0	4	0.67	A	A5
073	4	LowSmall	6	6	0	4	0.67	A	D5
073	3	OfficeSmall	6	6	0	0	0.0	A	F4
073	3	HighSmall	6	6	0	5	0.83	A	B4
073	3	LowLarge	6	6	0	4	0.67	A	C4
073	3	OfficeLarge	6	6	0	0	0.0	A	E4
073	3	LowSmall	6	6	0	1	0.17	A	D4
073	3	HighLarge	6	6	0	5	0.83	A	A4
073	2	LowSmall	6	6	0	4	0.67	A	D3
073	2	OfficeLarge	6	6	0	0	0.0	A	E3
073	2	HighSmall	6	6	0	4	0.67	A	B3
073	2	OfficeSmall	6	6	0	0	0.0	A	F3
073	2	HighLarge	6	6	0	5	0.83	A	A3
073	2	LowLarge	6	6	0	4	0.67	A	C3
073	5	HighSmall	6	6	0	5	0.83	A	B2
073	5	HighLarge	6	6	0	3	0.5	A	A2
073	5	OfficeLarge	6	6	0	0	0.0	A	E2
073	5	LowLarge	6	6	0	1	0.17	A	C2
073	5	LowSmall	6	6	0	3	0.5	A	D2
073	5	OfficeSmall	6	6	0	1	0.17	A	F2
039	3	OfficeSmall	6	6	0	6	1.0	A	F4
039	3	HighSmall	6	5	1	5	1.0	A	B4
039	3	LowLarge	6	6	0	1	0.17	A	C4
039	3	OfficeLarge	6	6	0	6	1.0	A	E4
039	3	LowSmall	6	0	6	0		A	D4
039	3	HighLarge	6	5	1	5	1.0	A	A4
039	4	LowLarge	6	5	1	4	0.8	A	C5
039	4	OfficeSmall	6	6	0	5	0.83	A	F5
039	4	HighSmall	6	5	1	4	0.8	A	B5
039	4	OfficeLarge	6	6	0	0	0.0	A	E5
039	4	HighLarge	6	6	0	0	0.0	A	A5
039	4	LowSmall	6	3	3	1	0.33	A	D5
039	5	HighSmall	6	6	0	6	1.0	A	B2
039	5	HighLarge	6	6	0	4	0.67	A	A2
039	5	OfficeLarge	6	6	0	6	1.0	A	E2
039	5	LowLarge	6	6	0	1	0.17	A	C2
039	5	LowSmall	6	4	2	3	0.75	A	D2
039	5	OfficeSmall	6	5	1	5	1.0	A	F2
039	2	LowSmall	6	6	0	1	0.17	A	D3
039	2	OfficeLarge	6	5	1	3	0.6	A	E3
039	2	HighSmall	6	6	0	4	0.67	A	B3
039	2	OfficeSmall	6	6	0	6	1.0	A	F3
039	2	HighLarge	6	5	1	5	1.0	A	A3
039	2	LowLarge	6	5	1	2	0.4	A	C3
039	1	HighLarge	6	6	0	6	1.0	A	A1
039	1	OfficeSmall	6	6	0	3	0.5	A	F1
039	1	LowLarge	6	6	0	2	0.33	A	C1
039	1	LowSmall	6	5	1	3	0.6	A	D1
039	1	OfficeLarge	6	5	1	5	1.0	A	E1
039	1	HighSmall	6	6	0	5	0.83	A	B1
036	3	OfficeSmall	6	6	0	5	0.83	A	F4
036	3	HighSmall	6	6	0	6	1.0	A	B4
036	3	LowLarge	6	6	0	4	0.67	A	C4
036	3	OfficeLarge	6	6	0	5	0.83	A	E4
036	3	LowSmall	6	6	0	3	0.5	A	D4
036	3	HighLarge	6	6	0	6	1.0	A	A4
036	4	LowLarge	6	6	0	6	1.0	A	C5
036	4	OfficeSmall	6	6	0	6	1.0	A	F5
036	4	HighSmall	6	6	0	6	1.0	A	B5
036	4	OfficeLarge	6	5	1	5	1.0	A	E5
036	4	HighLarge	6	6	0	6	1.0	A	A5
036	4	LowSmall	6	6	0	6	1.0	A	D5
036	5	HighSmall	6	6	0	5	0.83	A	B2
036	5	HighLarge	6	5	1	5	1.0	A	A2
036	5	OfficeLarge	6	5	1	5	1.0	A	E2
036	5	LowLarge	6	6	0	4	0.67	A	C2
036	5	LowSmall	6	6	0	6	1.0	A	D2
036	5	OfficeSmall	6	6	0	6	1.0	A	F2
036	2	LowSmall	6	5	1	1	0.2	A	D3
036	2	OfficeLarge	6	6	0	4	0.67	A	E3
036	2	HighSmall	6	6	0	6	1.0	A	B3
036	2	OfficeSmall	6	5	1	5	1.0	A	F3
036	2	HighLarge	6	6	0	6	1.0	A	A3
036	2	LowLarge	6	6	0	5	0.83	A	C3
036	1	HighLarge	6	6	0	5	0.83	A	A1
036	1	OfficeSmall	6	6	0	4	0.67	A	F1
036	1	LowLarge	6	6	0	1	0.17	A	C1
036	1	LowSmall	6	6	0	4	0.67	A	D1
036	1	OfficeLarge	6	6	0	4	0.67	A	E1
036	1	HighSmall	6	6	0	5	0.83	A	B1
075	1	HighSmall	6	6	0	4	0.67	B	B2
075	1	HighLarge	6	6	0	4	0.67	B	A2
075	1	OfficeLarge	6	6	0	0	0.0	B	E2
075	1	LowLarge	6	6	0	0	0.0	B	C2
075	1	LowSmall	6	6	0	4	0.67	B	D2
075	1	OfficeSmall	6	6	0	0	0.0	B	F2
075	2	LowLarge	6	6	0	5	0.83	B	C5
075	2	OfficeSmall	6	6	0	0	0.0	B	F5
075	2	HighSmall	6	5	1	4	0.8	B	B5
075	2	OfficeLarge	6	5	1	5	1.0	B	E5
075	2	HighLarge	6	6	0	6	1.0	B	A5
075	2	LowSmall	6	6	0	6	1.0	B	D5
075	5	HighLarge	6	6	0	6	1.0	B	A1
075	5	OfficeSmall	6	6	0	0	0.0	B	F1
075	5	LowLarge	6	6	0	1	0.17	B	C1
075	5	LowSmall	6	6	0	0	0.0	B	D1
075	5	OfficeLarge	6	5	1	0	0.0	B	E1
075	5	HighSmall	6	6	0	6	1.0	B	B1
075	4	LowSmall	6	6	0	0	0.0	B	D3
075	4	OfficeLarge	6	6	0	0	0.0	B	E3
075	4	HighSmall	6	6	0	6	1.0	B	B3
075	4	OfficeSmall	6	6	0	0	0.0	B	F3
075	4	HighLarge	6	6	0	5	0.83	B	A3
075	4	LowLarge	6	6	0	6	1.0	B	C3
075	3	OfficeSmall	6	6	0	0	0.0	B	F4
075	3	HighSmall	6	6	0	5	0.83	B	B4
075	3	LowLarge	6	6	0	1	0.17	B	C4
075	3	OfficeLarge	6	6	0	0	0.0	B	E4
075	3	LowSmall	6	5	1	0	0.0	B	D4
075	3	HighLarge	6	5	1	3	0.6	B	A4
004	2	LowLarge	6	6	0	6	1.0	B	C5
004	2	OfficeSmall	6	5	1	0	0.0	B	F5
004	2	HighSmall	6	6	0	6	1.0	B	B5
004	2	OfficeLarge	6	6	0	0	0.0	B	E5
004	2	HighLarge	6	6	0	5	0.83	B	A5
004	2	LowSmall	6	6	0	6	1.0	B	D5
004	5	HighLarge	6	6	0	6	1.0	B	A1
004	5	OfficeSmall	6	6	0	0	0.0	B	F1
004	5	LowLarge	6	6	0	6	1.0	B	C1
004	5	LowSmall	6	6	0	6	1.0	B	D1
004	5	OfficeLarge	6	6	0	0	0.0	B	E1
004	5	HighSmall	6	6	0	6	1.0	B	B1
004	4	LowSmall	6	5	1	5	1.0	B	D3
004	4	OfficeLarge	6	6	0	0	0.0	B	E3
004	4	HighSmall	6	5	1	5	1.0	B	B3
004	4	OfficeSmall	6	6	0	1	0.17	B	F3
004	4	HighLarge	6	6	0	6	1.0	B	A3
004	4	LowLarge	6	6	0	6	1.0	B	C3
004	3	OfficeSmall	6	6	0	0	0.0	B	F4
004	3	HighSmall	6	3	3	3	1.0	B	B4
004	3	LowLarge	6	6	0	6	1.0	B	C4
004	3	OfficeLarge	6	6	0	0	0.0	B	E4
004	3	LowSmall	6	6	0	5	0.83	B	D4
004	3	HighLarge	6	6	0	6	1.0	B	A4
004	1	HighSmall	6	6	0	6	1.0	B	B2
004	1	HighLarge	6	6	0	6	1.0	B	A2
004	1	OfficeLarge	6	3	3	0	0.0	B	E2
004	1	LowLarge	6	6	0	6	1.0	B	C2
004	1	LowSmall	6	6	0	6	1.0	B	D2
004	1	OfficeSmall	6	3	3	0	0.0	B	F2
121	1	HighSmall	6	5	1	5	1.0	B	B2
121	1	HighLarge	6	6	0	4	0.67	B	A2
121	1	OfficeLarge	6	5	1	1	0.2	B	E2
121	1	LowLarge	6	4	2	4	1.0	B	C2
121	1	LowSmall	6	6	0	5	0.83	B	D2
121	1	OfficeSmall	6	6	0	1	0.17	B	F2
121	2	LowLarge	6	6	0	4	0.67	B	C5
121	2	OfficeSmall	6	6	0	1	0.17	B	F5
121	2	HighSmall	6	6	0	4	0.67	B	B5
121	2	OfficeLarge	6	6	0	0	0.0	B	E5
121	2	HighLarge	6	5	1	5	1.0	B	A5
121	2	LowSmall	6	5	1	2	0.4	B	D5
121	5	HighLarge	6	6	0	6	1.0	B	A1
121	5	OfficeSmall	6	6	0	0	0.0	B	F1
121	5	LowLarge	6	6	0	0	0.0	B	C1
121	5	LowSmall	6	6	0	0	0.0	B	D1
121	5	OfficeLarge	6	6	0	0	0.0	B	E1
121	5	HighSmall	6	6	0	5	0.83	B	B1
121	4	LowSmall	6	6	0	0	0.0	B	D3
121	4	OfficeLarge	6	6	0	0	0.0	B	E3
121	4	HighSmall	6	5	1	4	0.8	B	B3
121	4	OfficeSmall	6	6	0	1	0.17	B	F3
121	4	HighLarge	6	6	0	6	1.0	B	A3
121	4	LowLarge	6	5	1	2	0.4	B	C3
121	3	OfficeSmall	6	6	0	1	0.17	B	F4
121	3	HighSmall	6	6	0	6	1.0	B	B4
121	3	LowLarge	6	6	0	0	0.0	B	C4
121	3	OfficeLarge	6	6	0	0	0.0	B	E4
121	3	LowSmall	6	6	0	2	0.33	B	D4
121	3	HighLarge	6	6	0	5	0.83	B	A4
127	1	HighLarge	6	6	0	5	0.83	A	A1
127	1	OfficeSmall	6	5	1	4	0.8	A	F1
127	1	LowLarge	6	6	0	4	0.67	A	C1
127	1	LowSmall	6	6	0	4	0.67	A	D1
127	1	OfficeLarge	6	6	0	4	0.67	A	E1
127	1	HighSmall	6	6	0	4	0.67	A	B1
127	4	LowLarge	6	6	0	3	0.5	A	C5
127	4	OfficeSmall	6	6	0	2	0.33	A	F5
127	4	HighSmall	6	6	0	6	1.0	A	B5
127	4	OfficeLarge	6	6	0	1	0.17	A	E5
127	4	HighLarge	6	6	0	5	0.83	A	A5
127	4	LowSmall	6	6	0	4	0.67	A	D5
127	3	OfficeSmall	6	6	0	2	0.33	A	F4
127	3	HighSmall	6	6	0	3	0.5	A	B4
127	3	LowLarge	6	4	2	3	0.75	A	C4
127	3	OfficeLarge	6	6	0	1	0.17	A	E4
127	3	LowSmall	6	6	0	3	0.5	A	D4
127	3	HighLarge	6	6	0	6	1.0	A	A4
127	2	LowSmall	6	6	0	3	0.5	A	D3
127	2	OfficeLarge	6	6	0	1	0.17	A	E3
127	2	HighSmall	6	6	0	4	0.67	A	B3
127	2	OfficeSmall	6	6	0	3	0.5	A	F3
127	2	HighLarge	6	6	0	4	0.67	A	A3
127	2	LowLarge	6	6	0	2	0.33	A	C3
127	5	HighSmall	6	6	0	6	1.0	A	B2
127	5	HighLarge	6	6	0	4	0.67	A	A2
127	5	OfficeLarge	6	6	0	0	0.0	A	E2
127	5	LowLarge	6	6	0	1	0.17	A	C2
127	5	LowSmall	6	6	0	5	0.83	A	D2
127	5	OfficeSmall	6	5	1	4	0.8	A	F2
126	4	LowSmall	6	6	0	4	0.67	B	D3
126	4	OfficeLarge	6	6	0	4	0.67	B	E3
126	4	HighSmall	6	6	0	4	0.67	B	B3
126	4	OfficeSmall	6	6	0	3	0.5	B	F3
126	4	HighLarge	6	6	0	5	0.83	B	A3
126	4	LowLarge	6	6	0	4	0.67	B	C3
126	3	OfficeSmall	6	6	0	3	0.5	B	F4
126	3	HighSmall	6	6	0	5	0.83	B	B4
126	3	LowLarge	6	6	0	5	0.83	B	C4
126	3	OfficeLarge	6	6	0	0	0.0	B	E4
126	3	LowSmall	6	6	0	5	0.83	B	D4
126	3	HighLarge	6	6	0	4	0.67	B	A4
126	2	LowLarge	6	6	0	6	1.0	B	C5
126	2	OfficeSmall	6	6	0	4	0.67	B	F5
126	2	HighSmall	6	6	0	5	0.83	B	B5
126	2	OfficeLarge	6	6	0	3	0.5	B	E5
126	2	HighLarge	6	6	0	4	0.67	B	A5
126	2	LowSmall	6	6	0	4	0.67	B	D5
126	5	HighLarge	6	5	1	5	1.0	B	A1
126	5	OfficeSmall	6	6	0	3	0.5	B	F1
126	5	LowLarge	6	6	0	3	0.5	B	C1
126	5	LowSmall	6	5	1	4	0.8	B	D1
126	5	OfficeLarge	6	6	0	4	0.67	B	E1
126	5	HighSmall	6	6	0	3	0.5	B	B1
126	1	HighSmall	6	6	0	5	0.83	B	B2
126	1	HighLarge	6	4	2	4	1.0	B	A2
126	1	OfficeLarge	6	6	0	4	0.67	B	E2
126	1	LowLarge	6	5	1	4	0.8	B	C2
126	1	LowSmall	6	6	0	6	1.0	B	D2
126	1	OfficeSmall	6	4	2	3	0.75	B	F2
002	4	LowSmall	6	6	0	0	0.0	B	D3
002	4	OfficeLarge	6	6	0	0	0.0	B	E3
002	4	HighSmall	6	6	0	2	0.33	B	B3
002	4	OfficeSmall	6	6	0	0	0.0	B	F3
002	4	HighLarge	6	6	0	5	0.83	B	A3
002	4	LowLarge	6	5	1	0	0.0	B	C3
002	3	OfficeSmall	6	5	1	0	0.0	B	F4
002	3	HighSmall	6	6	0	5	0.83	B	B4
002	3	LowLarge	6	6	0	0	0.0	B	C4
002	3	OfficeLarge	6	6	0	0	0.0	B	E4
002	3	LowSmall	6	6	0	2	0.33	B	D4
002	3	HighLarge	6	6	0	5	0.83	B	A4
002	2	LowLarge	6	6	0	3	0.5	B	C5
002	2	OfficeSmall	6	6	0	0	0.0	B	F5
002	2	HighSmall	6	6	0	6	1.0	B	B5
002	2	OfficeLarge	6	6	0	1	0.17	B	E5
002	2	HighLarge	6	5	1	5	1.0	B	A5
002	2	LowSmall	6	6	0	4	0.67	B	D5
002	5	HighLarge	6	6	0	2	0.33	B	A1
002	5	OfficeSmall	6	6	0	0	0.0	B	F1
002	5	LowLarge	6	6	0	0	0.0	B	C1
002	5	LowSmall	6	6	0	0	0.0	B	D1
002	5	OfficeLarge	6	6	0	1	0.17	B	E1
002	5	HighSmall	6	6	0	5	0.83	B	B1
002	1	HighSmall	6	6	0	4	0.67	B	B2
002	1	HighLarge	6	6	0	3	0.5	B	A2
002	1	OfficeLarge	6	6	0	0	0.0	B	E2
002	1	LowLarge	6	6	0	2	0.33	B	C2
002	1	LowSmall	6	6	0	4	0.67	B	D2
002	1	OfficeSmall	6	6	0	0	0.0	B	F2
049	3	OfficeSmall	6	6	0	6	1.0	A	F4
049	3	HighSmall	6	6	0	6	1.0	A	B4
049	3	LowLarge	6	6	0	6	1.0	A	C4
049	3	OfficeLarge	6	6	0	6	1.0	A	E4
049	3	LowSmall	6	6	0	4	0.67	A	D4
049	3	HighLarge	6	6	0	6	1.0	A	A4
049	4	LowLarge	6	6	0	6	1.0	A	C5
049	4	OfficeSmall	6	6	0	6	1.0	A	F5
049	4	HighSmall	6	6	0	6	1.0	A	B5
049	4	OfficeLarge	6	6	0	6	1.0	A	E5
049	4	HighLarge	6	6	0	6	1.0	A	A5
049	4	LowSmall	6	6	0	6	1.0	A	D5
049	5	HighSmall	6	6	0	2	0.33	A	B2
049	5	HighLarge	6	6	0	4	0.67	A	A2
049	5	OfficeLarge	6	6	0	6	1.0	A	E2
049	5	LowLarge	6	6	0	4	0.67	A	C2
049	5	LowSmall	6	6	0	6	1.0	A	D2
049	5	OfficeSmall	6	6	0	6	1.0	A	F2
049	2	LowSmall	6	5	1	5	1.0	A	D3
049	2	OfficeLarge	6	6	0	6	1.0	A	E3
049	2	HighSmall	6	4	2	4	1.0	A	B3
049	2	OfficeSmall	6	5	1	5	1.0	A	F3
049	2	HighLarge	6	6	0	6	1.0	A	A3
049	2	LowLarge	6	5	1	4	0.8	A	C3
049	1	HighLarge	6	6	0	4	0.67	A	A1
049	1	OfficeSmall	6	6	0	6	1.0	A	F1
049	1	LowLarge	6	5	1	5	1.0	A	C1
049	1	LowSmall	6	6	0	6	1.0	A	D1
049	1	OfficeLarge	6	6	0	6	1.0	A	E1
049	1	HighSmall	6	6	0	5	0.83	A	B1
051	1	HighSmall	6	6	0	6	1.0	B	B2
051	1	HighLarge	6	6	0	3	0.5	B	A2
051	1	OfficeLarge	6	6	0	1	0.17	B	E2
051	1	LowLarge	6	5	1	3	0.6	B	C2
051	1	LowSmall	6	5	1	5	1.0	B	D2
051	1	OfficeSmall	6	4	2	3	0.75	B	F2
051	2	LowLarge	6	6	0	6	1.0	B	C5
051	2	OfficeSmall	6	5	1	1	0.2	B	F5
051	2	HighSmall	6	5	1	4	0.8	B	B5
051	2	OfficeLarge	6	5	1	4	0.8	B	E5
051	2	HighLarge	6	2	4	2	1.0	B	A5
051	2	LowSmall	6	2	4	2	1.0	B	D5
051	5	HighLarge	6	6	0	6	1.0	0	A1
051	5	OfficeSmall	6	5	1	5	1.0	0	F1
051	5	LowLarge	6	6	0	5	0.83	0	C1
051	5	LowSmall	6	5	1	4	0.8	0	D1
051	5	OfficeLarge	6	6	0	6	1.0	0	E1
051	5	HighSmall	6	4	2	4	1.0	0	B1
051	4	LowSmall	6	5	1	5	1.0	0	D3
051	4	OfficeLarge	6	6	0	6	1.0	0	E3
051	4	HighSmall	6	2	4	2	1.0	0	B3
051	4	OfficeSmall	6	6	0	6	1.0	0	F3
051	4	HighLarge	6	4	2	4	1.0	0	A3
051	4	LowLarge	6	3	3	0	0.0	0	C3
051	3	OfficeSmall	6	6	0	4	0.67	0	F4
051	3	HighSmall	6	6	0	6	1.0	0	B4
051	3	LowLarge	6	6	0	5	0.83	0	C4
051	3	OfficeLarge	6	5	1	4	0.8	0	E4
051	3	LowSmall	6	5	1	3	0.6	0	D4
051	3	HighLarge	6	4	2	4	1.0	0	A4
096	2	LowLarge	6	6	0	3	0.5	B	C5
096	2	OfficeSmall	6	6	0	1	0.17	B	F5
096	2	HighSmall	6	6	0	5	0.83	B	B5
096	2	OfficeLarge	6	6	0	4	0.67	B	E5
096	2	HighLarge	6	6	0	5	0.83	B	A5
096	2	LowSmall	6	6	0	6	1.0	B	D5
096	5	HighLarge	6	6	0	4	0.67	B	A1
096	5	OfficeSmall	6	5	1	4	0.8	B	F1
096	5	LowLarge	6	6	0	4	0.67	B	C1
096	5	LowSmall	6	6	0	5	0.83	B	D1
096	5	OfficeLarge	6	6	0	6	1.0	B	E1
096	5	HighSmall	6	6	0	5	0.83	B	B1
096	4	LowSmall	6	6	0	4	0.67	B	D3
096	4	OfficeLarge	6	6	0	4	0.67	B	E3
096	4	HighSmall	6	6	0	2	0.33	B	B3
096	4	OfficeSmall	6	6	0	3	0.5	B	F3
096	4	HighLarge	6	5	1	4	0.8	B	A3
096	4	LowLarge	6	6	0	5	0.83	B	C3
096	3	OfficeSmall	6	6	0	2	0.33	B	F4
096	3	HighSmall	6	5	1	4	0.8	B	B4
096	3	LowLarge	6	6	0	5	0.83	B	C4
096	3	OfficeLarge	6	6	0	5	0.83	B	E4
096	3	LowSmall	6	6	0	4	0.67	B	D4
096	3	HighLarge	6	6	0	5	0.83	B	A4
096	1	HighSmall	6	6	0	6	1.0	B	B2
096	1	HighLarge	6	6	0	3	0.5	B	A2
096	1	OfficeLarge	6	6	0	2	0.33	B	E2
096	1	LowLarge	6	6	0	3	0.5	B	C2
096	1	LowSmall	6	5	1	4	0.8	B	D2
096	1	OfficeSmall	6	6	0	3	0.5	B	F2
021	1	HighSmall	6	6	0	3	0.5	B	B2
021	1	HighLarge	6	6	0	2	0.33	B	A2
021	1	OfficeLarge	6	5	1	1	0.2	B	E2
021	1	LowLarge	6	6	0	0	0.0	B	C2
021	1	LowSmall	6	6	0	3	0.5	B	D2
021	1	OfficeSmall	6	5	1	0	0.0	B	F2
021	2	LowLarge	6	6	0	3	0.5	B	C5
021	2	OfficeSmall	6	6	0	2	0.33	B	F5
021	2	HighSmall	6	6	0	4	0.67	B	B5
021	2	OfficeLarge	6	6	0	4	0.67	B	E5
021	2	HighLarge	6	6	0	3	0.5	B	A5
021	2	LowSmall	6	6	0	2	0.33	B	D5
021	5	HighLarge	6	6	0	4	0.67	B	A1
021	5	OfficeSmall	6	6	0	1	0.17	B	F1
021	5	LowLarge	6	6	0	2	0.33	B	C1
021	5	LowSmall	6	6	0	2	0.33	B	D1
021	5	OfficeLarge	6	6	0	0	0.0	B	E1
021	5	HighSmall	6	6	0	1	0.17	B	B1
021	4	LowSmall	6	6	0	3	0.5	B	D3
021	4	OfficeLarge	6	6	0	1	0.17	B	E3
021	4	HighSmall	6	6	0	3	0.5	B	B3
021	4	OfficeSmall	6	6	0	4	0.67	B	F3
021	4	HighLarge	6	6	0	3	0.5	B	A3
021	4	LowLarge	6	6	0	3	0.5	B	C3
021	3	OfficeSmall	6	6	0	0	0.0	B	F4
021	3	HighSmall	6	6	0	3	0.5	B	B4
021	3	LowLarge	6	5	1	1	0.2	B	C4
021	3	OfficeLarge	6	6	0	0	0.0	B	E4
021	3	LowSmall	6	6	0	4	0.67	B	D4
021	3	HighLarge	6	6	0	4	0.67	B	A4
115	1	HighLarge	6	6	0	6	1.0	A	A1
115	1	OfficeSmall	6	5	1	0	0.0	A	F1
115	1	LowLarge	6	5	1	1	0.2	A	C1
115	1	LowSmall	6	6	0	4	0.67	A	D1
115	1	OfficeLarge	6	6	0	0	0.0	A	E1
115	1	HighSmall	6	6	0	5	0.83	A	B1
115	5	HighSmall	6	6	0	6	1.0	A	B2
115	5	HighLarge	6	6	0	6	1.0	A	A2
115	5	OfficeLarge	6	6	0	1	0.17	A	E2
115	5	LowLarge	6	6	0	4	0.67	A	C2
115	5	LowSmall	6	6	0	6	1.0	A	D2
115	5	OfficeSmall	6	6	0	0	0.0	A	F2
115	2	LowSmall	6	6	0	0	0.0	A	D3
115	2	OfficeLarge	6	6	0	0	0.0	A	E3
115	2	HighSmall	6	6	0	5	0.83	A	B3
115	2	OfficeSmall	6	6	0	0	0.0	A	F3
115	2	HighLarge	6	6	0	6	1.0	A	A3
115	2	LowLarge	6	6	0	6	1.0	A	C3
115	3	OfficeSmall	6	6	0	0	0.0	A	F4
115	3	HighSmall	6	6	0	6	1.0	A	B4
115	3	LowLarge	6	6	0	4	0.67	A	C4
115	3	OfficeLarge	6	6	0	0	0.0	A	E4
115	3	LowSmall	6	6	0	4	0.67	A	D4
115	3	HighLarge	6	6	0	6	1.0	A	A4
115	4	LowLarge	6	6	0	6	1.0	A	C5
115	4	OfficeSmall	6	6	0	1	0.17	A	F5
115	4	HighSmall	6	6	0	6	1.0	A	B5
115	4	OfficeLarge	6	6	0	0	0.0	A	E5
115	4	HighLarge	6	6	0	6	1.0	A	A5
115	4	LowSmall	6	6	0	6	1.0	A	D5
026	4	LowLarge	6	5	1	5	1.0	A	C5
026	4	OfficeSmall	6	6	0	0	0.0	A	F5
026	4	HighSmall	6	6	0	6	1.0	A	B5
026	4	OfficeLarge	6	6	0	0	0.0	A	E5
026	4	HighLarge	6	6	0	6	1.0	A	A5
026	4	LowSmall	6	6	0	6	1.0	A	D5
026	3	OfficeSmall	6	6	0	0	0.0	A	F4
026	3	HighSmall	6	6	0	6	1.0	A	B4
026	3	LowLarge	6	6	0	5	0.83	A	C4
026	3	OfficeLarge	6	6	0	0	0.0	A	E4
026	3	LowSmall	6	5	1	4	0.8	A	D4
026	3	HighLarge	6	6	0	6	1.0	A	A4
026	2	LowSmall	6	5	1	2	0.4	A	D3
026	2	OfficeLarge	6	6	0	0	0.0	A	E3
026	2	HighSmall	6	6	0	5	0.83	A	B3
026	2	OfficeSmall	6	6	0	0	0.0	A	F3
026	2	HighLarge	6	6	0	6	1.0	A	A3
026	2	LowLarge	6	6	0	6	1.0	A	C3
026	5	HighSmall	6	6	0	4	0.67	0	B2
026	5	HighLarge	6	6	0	4	0.67	0	A2
026	5	OfficeLarge	6	6	0	0	0.0	0	E2
026	5	LowLarge	6	6	0	4	0.67	0	C2
026	5	LowSmall	6	5	1	5	1.0	0	D2
026	5	OfficeSmall	6	6	0	0	0.0	0	F2
026	1	HighLarge	6	6	0	4	0.67	A	A1
026	1	OfficeSmall	6	6	0	0	0.0	A	F1
026	1	LowLarge	6	6	0	2	0.33	A	C1
026	1	LowSmall	6	6	0	4	0.67	A	D1
026	1	OfficeLarge	6	6	0	0	0.0	A	E1
026	1	HighSmall	6	6	0	6	1.0	A	B1
101	3	OfficeSmall	6	6	0	1	0.17	A	F4
101	3	HighSmall	6	6	0	4	0.67	A	B4
101	3	LowLarge	6	5	1	0	0.0	A	C4
101	3	OfficeLarge	6	5	1	1	0.2	A	E4
101	3	LowSmall	6	6	0	0	0.0	A	D4
101	3	HighLarge	6	6	0	5	0.83	A	A4
101	4	LowLarge	6	6	0	3	0.5	A	C5
101	4	OfficeSmall	6	5	1	0	0.0	A	F5
101	4	HighSmall	6	6	0	4	0.67	A	B5
101	4	OfficeLarge	6	5	1	0	0.0	A	E5
101	4	HighLarge	6	6	0	3	0.5	A	A5
101	4	LowSmall	6	6	0	1	0.17	A	D5
101	5	HighSmall	6	6	0	4	0.67	A	B2
101	5	HighLarge	6	6	0	2	0.33	A	A2
101	5	OfficeLarge	6	6	0	2	0.33	A	E2
101	5	LowLarge	6	6	0	1	0.17	A	C2
101	5	LowSmall	6	6	0	2	0.33	A	D2
101	5	OfficeSmall	6	6	0	0	0.0	A	F2
101	2	LowSmall	6	6	0	0	0.0	A	D3
101	2	OfficeLarge	6	6	0	0	0.0	A	E3
101	2	HighSmall	6	6	0	2	0.33	A	B3
101	2	OfficeSmall	6	6	0	0	0.0	A	F3
101	2	HighLarge	6	6	0	4	0.67	A	A3
101	2	LowLarge	6	6	0	1	0.17	A	C3
101	1	HighLarge	6	6	0	5	0.83	A	A1
101	1	OfficeSmall	6	6	0	0	0.0	A	F1
101	1	LowLarge	6	6	0	0	0.0	A	C1
101	1	LowSmall	6	6	0	0	0.0	A	D1
101	1	OfficeLarge	6	6	0	1	0.17	A	E1
101	1	HighSmall	6	6	0	1	0.17	A	B1
089	5	HighSmall	6	6	0	5	0.83	A	B2
089	5	HighLarge	6	6	0	1	0.17	A	A2
089	5	OfficeLarge	6	6	0	0	0.0	A	E2
089	5	LowLarge	6	5	1	0	0.0	A	C2
089	5	LowSmall	6	6	0	0	0.0	A	D2
089	5	OfficeSmall	6	6	0	0	0.0	A	F2
089	2	LowSmall	6	6	0	0	0.0	A	D3
089	2	OfficeLarge	6	6	0	0	0.0	A	E3
089	2	HighSmall	6	5	1	2	0.4	A	B3
089	2	OfficeSmall	6	6	0	0	0.0	A	F3
089	2	HighLarge	6	6	0	6	1.0	A	A3
089	2	LowLarge	6	6	0	0	0.0	A	C3
089	3	OfficeSmall	6	6	0	0	0.0	A	F4
089	3	HighSmall	6	6	0	6	1.0	A	B4
089	3	LowLarge	6	6	0	1	0.17	A	C4
089	3	OfficeLarge	6	6	0	0	0.0	A	E4
089	3	LowSmall	6	6	0	0	0.0	A	D4
089	3	HighLarge	6	6	0	6	1.0	A	A4
089	4	LowLarge	6	6	0	0	0.0	A	C5
089	4	OfficeSmall	6	6	0	0	0.0	A	F5
089	4	HighSmall	6	6	0	6	1.0	A	B5
089	4	OfficeLarge	6	6	0	0	0.0	A	E5
089	4	HighLarge	6	6	0	6	1.0	A	A5
089	4	LowSmall	6	6	0	1	0.17	A	D5
089	1	HighLarge	6	6	0	3	0.5	A	A1
089	1	OfficeSmall	6	6	0	0	0.0	A	F1
089	1	LowLarge	6	6	0	0	0.0	A	C1
089	1	LowSmall	6	6	0	1	0.17	A	D1
089	1	OfficeLarge	6	6	0	0	0.0	A	E1
089	1	HighSmall	6	6	0	6	1.0	A	B1
117	2	LowLarge	6	6	0	6	1.0	B	C5
117	2	OfficeSmall	6	4	2	3	0.75	B	F5
117	2	HighSmall	6	6	0	6	1.0	B	B5
117	2	OfficeLarge	6	5	1	5	1.0	B	E5
117	2	HighLarge	6	6	0	6	1.0	B	A5
117	2	LowSmall	6	6	0	6	1.0	B	D5
117	5	HighLarge	6	6	0	6	1.0	B	A1
117	5	OfficeSmall	6	6	0	2	0.33	B	F1
117	5	LowLarge	6	4	2	4	1.0	B	C1
117	5	LowSmall	6	6	0	6	1.0	B	D1
117	5	OfficeLarge	6	6	0	5	0.83	B	E1
117	5	HighSmall	6	6	0	6	1.0	B	B1
117	4	LowSmall	6	6	0	6	1.0	B	D3
117	4	OfficeLarge	6	6	0	2	0.33	B	E3
117	4	HighSmall	6	6	0	6	1.0	B	B3
117	4	OfficeSmall	6	6	0	3	0.5	B	F3
117	4	HighLarge	6	5	1	5	1.0	B	A3
117	4	LowLarge	6	6	0	6	1.0	B	C3
117	3	OfficeSmall	6	6	0	5	0.83	B	F4
117	3	HighSmall	6	6	0	6	1.0	B	B4
117	3	LowLarge	6	5	1	5	1.0	B	C4
117	3	OfficeLarge	6	5	1	5	1.0	B	E4
117	3	LowSmall	6	4	2	4	1.0	B	D4
117	3	HighLarge	6	6	0	6	1.0	B	A4
117	1	HighSmall	6	6	0	5	0.83	B	B2
117	1	HighLarge	6	6	0	4	0.67	B	A2
117	1	OfficeLarge	6	6	0	3	0.5	B	E2
117	1	LowLarge	6	6	0	5	0.83	B	C2
117	1	LowSmall	6	6	0	6	1.0	B	D2
117	1	OfficeSmall	6	6	0	5	0.83	B	F2
037	1	HighSmall	6	6	0	6	1.0	B	B2
037	1	HighLarge	6	5	1	3	0.6	B	A2
037	1	OfficeLarge	6	5	1	4	0.8	B	E2
037	1	LowLarge	6	5	1	3	0.6	B	C2
037	1	LowSmall	6	6	0	3	0.5	B	D2
037	1	OfficeSmall	6	5	1	5	1.0	B	F2
037	3	OfficeSmall	6	6	0	4	0.67	B	F4
037	3	HighSmall	6	6	0	5	0.83	B	B4
037	3	LowLarge	6	6	0	3	0.5	B	C4
037	3	OfficeLarge	6	5	1	4	0.8	B	E4
037	3	LowSmall	6	6	0	3	0.5	B	D4
037	3	HighLarge	6	6	0	6	1.0	B	A4
037	4	LowSmall	6	6	0	2	0.33	B	D3
037	4	OfficeLarge	6	5	1	5	1.0	B	E3
037	4	HighSmall	6	6	0	4	0.67	B	B3
037	4	OfficeSmall	6	4	2	3	0.75	B	F3
037	4	HighLarge	6	6	0	5	0.83	B	A3
037	4	LowLarge	6	6	0	2	0.33	B	C3
037	5	HighLarge	6	6	0	6	1.0	B	A1
037	5	OfficeSmall	6	6	0	6	1.0	B	F1
037	5	LowLarge	6	5	1	1	0.2	B	C1
037	5	LowSmall	6	6	0	4	0.67	B	D1
037	5	OfficeLarge	6	6	0	3	0.5	B	E1
037	5	HighSmall	6	6	0	6	1.0	B	B1
037	2	LowLarge	6	6	0	2	0.33	B	C5
037	2	OfficeSmall	6	5	1	4	0.8	B	F5
037	2	HighSmall	6	6	0	6	1.0	B	B5
037	2	OfficeLarge	6	6	0	2	0.33	B	E5
037	2	HighLarge	6	6	0	5	0.83	B	A5
037	2	LowSmall	6	6	0	1	0.17	B	D5
028	1	HighSmall	6	6	0	2	0.33	B	B2
028	1	HighLarge	6	5	1	3	0.6	B	A2
028	1	OfficeLarge	6	6	0	5	0.83	B	E2
028	1	LowLarge	6	5	1	5	1.0	B	C2
028	1	LowSmall	6	6	0	5	0.83	B	D2
028	1	OfficeSmall	6	4	2	4	1.0	B	F2
028	4	LowSmall	6	6	0	6	1.0	B	D3
028	4	OfficeLarge	6	0	6	0		B	E3
028	4	HighSmall	6	0	6	0		B	B3
028	4	OfficeSmall	6	6	0	5	0.83	B	F3
028	4	HighLarge	6	4	2	3	0.75	B	A3
028	4	LowLarge	6	3	3	3	1.0	B	C3
028	3	OfficeSmall	6	6	0	6	1.0	B	F4
028	3	HighSmall	6	3	3	3	1.0	B	B4
028	3	LowLarge	6	5	1	5	1.0	B	C4
028	3	OfficeLarge	6	0	6	0		B	E4
028	3	LowSmall	6	0	6	0		B	D4
028	3	HighLarge	6	0	6	0		B	A4
028	2	LowLarge	6	6	0	4	0.67	B	C5
028	2	OfficeSmall	6	6	0	2	0.33	B	F5
028	2	HighSmall	6	6	0	5	0.83	B	B5
028	2	OfficeLarge	6	5	1	5	1.0	B	E5
028	2	HighLarge	6	1	5	1	1.0	B	A5
028	2	LowSmall	6	1	5	1	1.0	B	D5
028	5	HighLarge	6	6	0	5	0.83	B	A1
028	5	OfficeSmall	6	6	0	6	1.0	B	F1
028	5	LowLarge	6	5	1	5	1.0	B	C1
028	5	LowSmall	6	5	1	4	0.8	B	D1
028	5	OfficeLarge	6	5	1	4	0.8	B	E1
028	5	HighSmall	6	6	0	6	1.0	B	B1
119	1	HighSmall	6	6	0	6	1.0	B	B2
119	1	HighLarge	6	6	0	5	0.83	B	A2
119	1	OfficeLarge	6	6	0	6	1.0	B	E2
119	1	LowLarge	6	6	0	4	0.67	B	C2
119	1	LowSmall	6	6	0	6	1.0	B	D2
119	1	OfficeSmall	6	6	0	6	1.0	B	F2
119	2	LowLarge	6	6	0	6	1.0	B	C5
119	2	OfficeSmall	6	6	0	6	1.0	B	F5
119	2	HighSmall	6	6	0	6	1.0	B	B5
119	2	OfficeLarge	6	6	0	6	1.0	B	E5
119	2	HighLarge	6	6	0	6	1.0	B	A5
119	2	LowSmall	6	6	0	6	1.0	B	D5
119	5	HighLarge	6	6	0	6	1.0	B	A1
119	5	OfficeSmall	6	6	0	6	1.0	B	F1
119	5	LowLarge	6	6	0	6	1.0	B	C1
119	5	LowSmall	6	5	1	5	1.0	B	D1
119	5	OfficeLarge	6	6	0	6	1.0	B	E1
119	5	HighSmall	6	6	0	6	1.0	B	B1
119	4	LowSmall	6	6	0	6	1.0	B	D3
119	4	OfficeLarge	6	6	0	6	1.0	B	E3
119	4	HighSmall	6	6	0	6	1.0	B	B3
119	4	OfficeSmall	6	6	0	6	1.0	B	F3
119	4	HighLarge	6	2	4	2	1.0	B	A3
119	4	LowLarge	6	6	0	6	1.0	B	C3
119	3	OfficeSmall	6	6	0	6	1.0	B	F4
119	3	HighSmall	6	6	0	6	1.0	B	B4
119	3	LowLarge	6	6	0	6	1.0	B	C4
119	3	OfficeLarge	6	6	0	6	1.0	B	E4
119	3	LowSmall	6	6	0	6	1.0	B	D4
119	3	HighLarge	6	6	0	6	1.0	B	A4
083	4	LowLarge	6	2	4	1	0.5	A	C5
083	4	OfficeSmall	6	3	3	3	1.0	A	F5
083	4	HighSmall	6	5	1	5	1.0	A	B5
083	4	OfficeLarge	6	3	3	2	0.67	A	E5
083	4	HighLarge	6	6	0	5	0.83	A	A5
083	4	LowSmall	6	5	1	4	0.8	A	D5
083	3	OfficeSmall	6	2	4	2	1.0	A	F4
083	3	HighSmall	6	6	0	4	0.67	A	B4
083	3	LowLarge	6	3	3	1	0.33	A	C4
083	3	OfficeLarge	6	2	4	1	0.5	A	E4
083	3	LowSmall	6	6	0	0	0.0	A	D4
083	3	HighLarge	6	6	0	6	1.0	A	A4
083	2	LowSmall	6	5	1	1	0.2	A	D3
083	2	OfficeLarge	6	1	5	1	1.0	A	E3
083	2	HighSmall	6	4	2	3	0.75	A	B3
083	2	OfficeSmall	6	3	3	1	0.33	A	F3
083	2	HighLarge	6	5	1	4	0.8	A	A3
083	2	LowLarge	6	5	1	4	0.8	A	C3
083	5	HighSmall	6	6	0	4	0.67	A	B2
083	5	HighLarge	6	6	0	5	0.83	A	A2
083	5	OfficeLarge	6	4	2	3	0.75	A	E2
083	5	LowLarge	6	3	3	0	0.0	A	C2
083	5	LowSmall	6	6	0	4	0.67	A	D2
083	5	OfficeSmall	6	1	5	1	1.0	A	F2
083	1	HighLarge	6	6	0	3	0.5	A	A1
083	1	OfficeSmall	6	6	0	3	0.5	A	F1
083	1	LowLarge	6	5	1	1	0.2	A	C1
083	1	LowSmall	6	5	1	1	0.2	A	D1
083	1	OfficeLarge	6	2	4	1	0.5	A	E1
083	1	HighSmall	6	6	0	5	0.83	A	B1
116	1	HighLarge	6	6	0	4	0.67	A	A1
116	1	OfficeSmall	6	6	0	0	0.0	A	F1
116	1	LowLarge	6	6	0	4	0.67	A	C1
116	1	LowSmall	6	6	0	4	0.67	A	D1
116	1	OfficeLarge	6	6	0	0	0.0	A	E1
116	1	HighSmall	6	5	1	5	1.0	A	B1
116	2	LowSmall	6	6	0	3	0.5	A	D3
116	2	OfficeLarge	6	6	0	0	0.0	A	E3
116	2	HighSmall	6	6	0	6	1.0	A	B3
116	2	OfficeSmall	6	6	0	0	0.0	A	F3
116	2	HighLarge	6	6	0	6	1.0	A	A3
116	2	LowLarge	6	6	0	6	1.0	A	C3
094	1	HighLarge	6	5	1	3	0.6	A	A1
094	1	OfficeSmall	6	6	0	4	0.67	A	F1
094	1	LowLarge	6	6	0	0	0.0	A	C1
094	1	LowSmall	6	6	0	0	0.0	A	D1
094	1	OfficeLarge	6	5	1	4	0.8	A	E1
094	1	HighSmall	6	6	0	6	1.0	A	B1
094	5	HighSmall	6	6	0	5	0.83	A	B2
094	5	HighLarge	6	6	0	3	0.5	A	A2
094	5	OfficeLarge	6	6	0	3	0.5	A	E2
094	5	LowLarge	6	6	0	3	0.5	A	C2
094	5	LowSmall	6	6	0	4	0.67	A	D2
094	5	OfficeSmall	6	6	0	5	0.83	A	F2
094	2	LowSmall	6	6	0	0	0.0	A	D3
094	2	OfficeLarge	6	6	0	3	0.5	A	E3
094	2	HighSmall	6	6	0	4	0.67	A	B3
094	2	OfficeSmall	6	6	0	6	1.0	A	F3
094	2	HighLarge	6	6	0	6	1.0	A	A3
094	2	LowLarge	6	6	0	1	0.17	A	C3
094	3	OfficeSmall	6	6	0	4	0.67	A	F4
094	3	HighSmall	6	6	0	6	1.0	A	B4
094	3	LowLarge	6	6	0	2	0.33	A	C4
094	3	OfficeLarge	6	6	0	3	0.5	A	E4
094	3	LowSmall	6	6	0	1	0.17	A	D4
094	3	HighLarge	6	6	0	6	1.0	A	A4
094	4	LowLarge	6	6	0	3	0.5	A	C5
094	4	OfficeSmall	6	5	1	1	0.2	A	F5
094	4	HighSmall	6	6	0	6	1.0	A	B5
094	4	OfficeLarge	6	5	1	2	0.4	A	E5
094	4	HighLarge	6	6	0	6	1.0	A	A5
094	4	LowSmall	6	6	0	2	0.33	A	D5
020	2	LowLarge	6	0	6	0		B	C5
020	2	OfficeSmall	6	0	6	0		B	F5
020	2	HighSmall	6	0	6	0		B	B5
020	2	OfficeLarge	6	0	6	0		B	E5
020	2	HighLarge	6	0	6	0		B	A5
020	2	LowSmall	6	0	6	0		B	D5
020	5	HighLarge	6	0	6	0		B	A1
020	5	OfficeSmall	6	0	6	0		B	F1
020	5	LowLarge	6	0	6	0		B	C1
020	5	LowSmall	6	0	6	0		B	D1
020	5	OfficeLarge	6	0	6	0		B	E1
020	5	HighSmall	6	0	6	0		B	B1
020	4	LowSmall	6	0	6	0		B	D3
020	4	OfficeLarge	6	0	6	0		B	E3
020	4	HighSmall	6	0	6	0		B	B3
020	4	OfficeSmall	6	0	6	0		B	F3
020	4	HighLarge	6	0	6	0		B	A3
020	4	LowLarge	6	0	6	0		B	C3
020	3	OfficeSmall	6	0	6	0		B	F4
020	3	HighSmall	6	0	6	0		B	B4
020	3	LowLarge	6	0	6	0		B	C4
020	3	OfficeLarge	6	0	6	0		B	E4
020	3	LowSmall	6	0	6	0		B	D4
020	3	HighLarge	6	0	6	0		B	A4
020	1	HighSmall	6	0	6	0		B	B2
020	1	HighLarge	6	0	6	0		B	A2
020	1	OfficeLarge	6	0	6	0		B	E2
020	1	LowLarge	6	0	6	0		B	C2
020	1	LowSmall	6	0	6	0		B	D2
020	1	OfficeSmall	6	0	6	0		B	F2
130	2	LowSmall	6	5	1	5	1.0	A	D3
130	2	OfficeLarge	6	6	0	6	1.0	A	E3
130	2	HighSmall	6	5	1	5	1.0	A	B3
130	2	OfficeSmall	6	4	2	4	1.0	A	F3
130	2	HighLarge	6	5	1	5	1.0	A	A3
130	2	LowLarge	6	4	2	4	1.0	A	C3
130	3	OfficeSmall	6	4	2	4	1.0	A	F4
130	3	HighSmall	6	4	2	4	1.0	A	B4
130	3	LowLarge	6	6	0	6	1.0	A	C4
130	3	OfficeLarge	6	5	1	5	1.0	A	E4
130	3	LowSmall	6	6	0	6	1.0	A	D4
130	3	HighLarge	6	3	3	3	1.0	A	A4
130	4	LowLarge	6	5	1	5	1.0	A	C5
130	4	OfficeSmall	6	6	0	6	1.0	A	F5
130	4	HighSmall	6	6	0	6	1.0	A	B5
130	4	OfficeLarge	6	6	0	6	1.0	A	E5
130	4	HighLarge	6	6	0	6	1.0	A	A5
130	4	LowSmall	6	5	1	5	1.0	A	D5
130	1	HighLarge	6	6	0	6	1.0	A	A1
130	1	OfficeSmall	6	6	0	6	1.0	A	F1
130	1	LowLarge	6	6	0	6	1.0	A	C1
130	1	LowSmall	6	4	2	4	1.0	A	D1
130	1	OfficeLarge	6	5	1	5	1.0	A	E1
130	1	HighSmall	6	6	0	6	1.0	A	B1
131	1	HighSmall	6	6	0	4	0.67	B	B2
131	1	HighLarge	6	6	0	2	0.33	B	A2
131	1	OfficeLarge	6	6	0	0	0.0	B	E2
131	1	LowLarge	6	6	0	2	0.33	B	C2
131	1	LowSmall	6	6	0	3	0.5	B	D2
131	1	OfficeSmall	6	6	0	0	0.0	B	F2
131	5	HighLarge	6	6	0	4	0.67	B	A1
131	5	OfficeSmall	6	6	0	0	0.0	B	F1
131	5	LowLarge	6	6	0	2	0.33	B	C1
131	5	LowSmall	6	6	0	3	0.5	B	D1
131	5	OfficeLarge	6	6	0	0	0.0	B	E1
131	5	HighSmall	6	6	0	3	0.5	B	B1
131	2	LowLarge	6	6	0	3	0.5	B	C5
131	2	OfficeSmall	6	6	0	0	0.0	B	F5
131	2	HighSmall	6	6	0	4	0.67	B	B5
131	2	OfficeLarge	6	6	0	0	0.0	B	E5
131	2	HighLarge	6	6	0	3	0.5	B	A5
131	2	LowSmall	6	6	0	4	0.67	B	D5
131	3	OfficeSmall	6	6	0	0	0.0	B	F4
131	3	HighSmall	6	6	0	5	0.83	B	B4
131	3	LowLarge	6	6	0	3	0.5	B	C4
131	3	OfficeLarge	6	6	0	0	0.0	B	E4
131	3	LowSmall	6	6	0	1	0.17	B	D4
131	3	HighLarge	6	6	0	4	0.67	B	A4
131	4	LowSmall	6	6	0	2	0.33	B	D3
131	4	OfficeLarge	6	6	0	1	0.17	B	E3
131	4	HighSmall	6	6	0	2	0.33	B	B3
131	4	OfficeSmall	6	6	0	0	0.0	B	F3
131	4	HighLarge	6	6	0	5	0.83	B	A3
131	4	LowLarge	6	6	0	4	0.67	B	C3
038	1	HighLarge	6	6	0	3	0.5	A	A1
038	1	OfficeSmall	6	6	0	4	0.67	A	F1
038	1	LowLarge	6	6	0	3	0.5	A	C1
038	1	LowSmall	6	6	0	3	0.5	A	D1
038	1	OfficeLarge	6	6	0	3	0.5	A	E1
038	1	HighSmall	6	6	0	3	0.5	A	B1
038	3	OfficeSmall	6	6	0	3	0.5	A	F4
038	3	HighSmall	6	6	0	5	0.83	A	B4
038	3	LowLarge	6	6	0	3	0.5	A	C4
038	3	OfficeLarge	6	6	0	2	0.33	A	E4
038	3	LowSmall	6	6	0	2	0.33	A	D4
038	3	HighLarge	6	6	0	6	1.0	A	A4
038	4	LowLarge	6	6	0	3	0.5	A	C5
038	4	OfficeSmall	6	6	0	2	0.33	A	F5
038	4	HighSmall	6	6	0	6	1.0	A	B5
038	4	OfficeLarge	6	6	0	4	0.67	A	E5
038	4	HighLarge	6	6	0	5	0.83	A	A5
038	4	LowSmall	6	6	0	2	0.33	A	D5
038	5	HighSmall	6	6	0	6	1.0	A	B2
038	5	HighLarge	6	6	0	4	0.67	A	A2
038	5	OfficeLarge	6	6	0	2	0.33	A	E2
038	5	LowLarge	6	6	0	2	0.33	A	C2
038	5	LowSmall	6	6	0	3	0.5	A	D2
038	5	OfficeSmall	6	6	0	3	0.5	A	F2
038	2	LowSmall	6	6	0	3	0.5	A	D3
038	2	OfficeLarge	6	6	0	4	0.67	A	E3
038	2	HighSmall	6	6	0	5	0.83	A	B3
038	2	OfficeSmall	6	6	0	3	0.5	A	F3
038	2	HighLarge	6	6	0	4	0.67	A	A3
038	2	LowLarge	6	6	0	1	0.17	A	C3
124	1	HighSmall	6	6	0	4	0.67	B	B2
124	1	HighLarge	6	6	0	2	0.33	B	A2
124	1	OfficeLarge	6	6	0	1	0.17	B	E2
124	1	LowLarge	6	6	0	2	0.33	B	C2
124	1	LowSmall	6	6	0	4	0.67	B	D2
124	1	OfficeSmall	6	5	1	0	0.0	B	F2
124	3	OfficeSmall	6	5	1	5	1.0	B	F4
124	3	HighSmall	6	6	0	6	1.0	B	B4
124	3	LowLarge	6	5	1	5	1.0	B	C4
124	3	OfficeLarge	6	6	0	3	0.5	B	E4
124	3	LowSmall	6	4	2	0	0.0	B	D4
124	3	HighLarge	6	6	0	0	0.0	B	A4
124	4	LowSmall	6	5	1	0	0.0	B	D3
124	4	OfficeLarge	6	6	0	0	0.0	B	E3
124	4	HighSmall	6	5	1	0	0.0	B	B3
124	4	OfficeSmall	6	6	0	6	1.0	B	F3
124	4	HighLarge	6	6	0	6	1.0	B	A3
124	4	LowLarge	6	5	1	5	1.0	B	C3
124	5	HighLarge	6	0	6	0		B	A1
124	5	OfficeSmall	6	0	6	0		B	F1
124	5	LowLarge	6	0	6	0		B	C1
124	5	LowSmall	6	0	6	0		B	D1
124	5	OfficeLarge	6	0	6	0		B	E1
124	5	HighSmall	6	0	6	0		B	B1
124	2	LowLarge	6	6	0	4	0.67	B	C5
124	2	OfficeSmall	6	6	0	5	0.83	B	F5
124	2	HighSmall	6	6	0	6	1.0	B	B5
124	2	OfficeLarge	6	6	0	5	0.83	B	E5
124	2	HighLarge	6	6	0	6	1.0	B	A5
124	2	LowSmall	6	5	1	5	1.0	B	D5
45	4	LowSmall	6	6	0	5	0.83	B	D3
45	4	OfficeLarge	6	6	0	3	0.5	B	E3
45	4	HighSmall	6	6	0	3	0.5	B	B3
45	4	OfficeSmall	6	6	0	5	0.83	B	F3
45	4	HighLarge	6	6	0	0	0.0	B	A3
45	4	LowLarge	6	6	0	3	0.5	B	C3
45	3	OfficeSmall	6	6	0	5	0.83	B	F4
45	3	HighSmall	6	6	0	2	0.33	B	B4
45	3	LowLarge	6	6	0	5	0.83	B	C4
45	3	OfficeLarge	6	6	0	4	0.67	B	E4
45	3	LowSmall	6	6	0	5	0.83	B	D4
45	3	HighLarge	6	6	0	1	0.17	B	A4
45	2	LowLarge	6	6	0	2	0.33	B	C5
45	2	OfficeSmall	6	6	0	4	0.67	B	F5
45	2	HighSmall	6	6	0	5	0.83	B	B5
45	2	OfficeLarge	6	6	0	3	0.5	B	E5
45	2	HighLarge	6	6	0	4	0.67	B	A5
45	2	LowSmall	6	6	0	6	1.0	B	D5
45	5	HighLarge	6	5	1	0	0.0	B	A1
45	5	OfficeSmall	6	6	0	5	0.83	B	F1
45	5	LowLarge	6	6	0	0	0.0	B	C1
45	5	LowSmall	6	6	0	6	1.0	B	D1
45	5	OfficeLarge	6	6	0	1	0.17	B	E1
45	5	HighSmall	6	6	0	6	1.0	B	B1
45	1	HighSmall	6	6	0	3	0.5	B	B2
45	1	HighLarge	6	6	0	3	0.5	B	A2
45	1	OfficeLarge	6	6	0	4	0.67	B	E2
45	1	LowLarge	6	6	0	5	0.83	B	C2
45	1	LowSmall	6	6	0	5	0.83	B	D2
45	1	OfficeSmall	6	6	0	6	1.0	B	F2
