"column","variable","label","value_labels","class","type","n_na","range"
"1","id","participant id","NULL","numeric","double","0","c(1, 133)"
"2","v6_date","date from participant contacts databases ('verified_visit_dates*.csv) converted to format yyyy-mm-dd in R. If no date in database, uses start_date metadata from qualtrics","NULL","character","character","0","c(""2018-04-24"", ""2022-07-14"")"
"3","ff_premri_snacktime","Record time of pre-snack Freddy Fullness was taken.","NULL","character","character","0","c("""", ""9:37"")"
"4","ff_postmri_snacktime","Record time post-snack Freddy Fullness was taken. - Post-snack time","NULL","character","character","0","c("""", ""NA"")"
"5","ff_postmris_nacktime2","Record time post-snack Freddy Fullness was taken. - Post-snack time 2","NULL","character","character","0","c("""", ""NA"")"
"6","ff_premri_snack","Freddy Score - Visit 6 Pre-Snack","NULL","numeric","double","1","c(0, 150)"
"7","ff_postmri_snack","Freddy Score - Visit 6 Post-Snack","NULL","numeric","double","39","c(11, 144)"
"8","ff_postmri_snack2","Freddy Score - Visit 6 Post-Snack before MRI (if gave second snack, leave blank if N/A)","NULL","numeric","double","81","c(4, 139)"
"9","ff_premri_time","Record time Freddy Fullness was taken.","NULL","character","character","0","c("""", ""right before scan"")"
"10","ff_premri","Freddy Score - Visit 6 Pre-MRI","NULL","numeric","double","23","c(0, 148)"
"11","ff_pre_dgtime","Record time Freddy Fullness was taken.","NULL","character","character","0","c("""", ""7:13"")"
"12","ff_pre_dg","Freddy Score - Visit 6 Pre-Delay Gratification","NULL","numeric","double","28","c(0, 148)"
"13","ff_pre_mrivas_time","Record time Freddy Fullness was taken.","NULL","character","character","0","c("""", ""7:31"")"
"14","ff_pre_mrivas","Freddy Score - Visit 6 Post-Snack","NULL","numeric","double","43","c(0, 150)"
"15","ff_pre_sst","Freddy Score - Visit 6 Pre-SST","NULL","numeric","double","42","c(0, 150)"
"16","noplate_grapes_g","Snack Intake
 

Grapes pre weight w/o plate","NULL","numeric","double","41","c(156.2, 206.46)"
"17","plate_grapes_g","Grapes pre weight w/ plate","NULL","numeric","double","41","c(334.04, 385.96)"
"18","post_grapes_g","Grapes post weight w/ plate","NULL","numeric","double","43","c(165.47, 383.57)"
"19","consumed_grapes_g","Grapes amount consumed - recalcuated difference in R with values < 0 set to 0","NULL","numeric","double","43","c(0, 202.65)"
"20","noplate_ritz_g","Ritz Crackers pre weight w/o plate","NULL","numeric","double","41","c(34.21, 42.28)"
"21","plate_ritz_g","Ritz Crackers pre weight w/ plate","NULL","numeric","double","41","c(178.71, 369.51)"
"22","post_ritz_g","Ritz Crackers post weight w/ plate","NULL","numeric","double","41","c(7.48, 369.51)"
"23","consumed_ritz_g","Ritz Crackers amount consumed - recalcuated difference in R with values < 0 set to 0","NULL","numeric","double","41","c(0, 200.54)"
"24","noplate_juice_g","Apple Juice w/o plate","NULL","numeric","double","41","c(137, 222.36)"
"25","post_juice_g","Apple Juice post weight","NULL","numeric","double","42","c(7.59, 220.58)"
"26","consumed_juice_g","Apple Juice amount consumed - recalcuated difference in R with values < 0 set to 0","NULL","numeric","double","42","c(0, 212.35)"
"27","cams_pre_mri","Pre-Scan CAMS:
I want to know how nervous or worried you're feeling right now.  Pretend that all of your worried or nervous feelings are in the very bottom down here. If you are a little bit worried or nervous, the feelings might come up just a little bit. If you are very, very worried or nervous, the feelings might go all the way to the top. Move the circle to show how much worry or nervousness you feel right now.","NULL","numeric","double","1","c(0, 10)"
"28","cams_post_mri","Post-scan CAMS","NULL","numeric","double","1","c(0, 10)"
"29","mri_version","MRI Task Version","c(`Task Version A` = 1, `Task Version B` = 2)","c(""haven_labelled"", ""vctrs_vctr"", ""double"")","double","2","c(1, 2)"
"30","mrivas_a1_01_full","Bacon Large - Full","NULL","numeric","double","4","c(0, 100)"
"31","mrivas_a1_01_like","Bacon Large - Like","NULL","numeric","double","4","c(0, 100)"
"32","mrivas_a1_02_full","Bagel Large - Full","NULL","numeric","double","4","c(0, 100)"
"33","mrivas_a1_02_like","Bagel Large - Like","NULL","numeric","double","4","c(0, 100)"
"34","mrivas_a1_03_full","Cheeseburger Large - Full","NULL","numeric","double","4","c(0, 100)"
"35","mrivas_a1_03_like","Cheeseburger Large - Like","NULL","numeric","double","4","c(0, 100)"
"36","mrivas_a1_04_full","Chicken Nuggets Large - Full","NULL","numeric","double","4","c(0, 100)"
"37","mrivas_a1_04_like","Chicken Nuggets Large - Like","NULL","numeric","double","4","c(0, 100)"
"38","mrivas_a1_05_full","Chips w/ Cheese Large - Full","NULL","numeric","double","4","c(0, 100)"
"39","mrivas_a1_05_like","Chips w/ Cheese Large - Like","NULL","numeric","double","4","c(0, 100)"
"40","mrivas_a1_06_full","Fish Sticks Large - Full","NULL","numeric","double","4","c(0, 100)"
"41","mrivas_a1_06_like","Fish Sticks Large - Like","NULL","numeric","double","4","c(0, 100)"
"42","mrivas_a2_01_full","French Fries Large - Full","NULL","numeric","double","4","c(0, 100)"
"43","mrivas_a2_01_like","French Fries Large - Like","NULL","numeric","double","4","c(0, 100)"
"44","mrivas_a2_02_full","Grilled Cheese Large - Full","NULL","numeric","double","4","c(0, 100)"
"45","mrivas_a2_02_like","Grilled Cheese Large - Like","NULL","numeric","double","4","c(0, 100)"
"46","mrivas_a2_03_full","Italian Sub Large - Full","NULL","numeric","double","4","c(0, 100)"
"47","mrivas_a2_03_like","Italian Sub Large - Like","NULL","numeric","double","4","c(0, 100)"
"48","mrivas_a2_04_full","Mac and Cheese Large - Full","NULL","numeric","double","4","c(0, 100)"
"49","mrivas_a2_04_like","Mac and Cheese Large - Like","NULL","numeric","double","4","c(0, 100)"
"50","mrivas_a2_05_full","Peanut Butter Crackers Large - Full","NULL","numeric","double","4","c(0, 100)"
"51","mrivas_a2_05_like","Peanut Butter Crackers Large - Like","NULL","numeric","double","4","c(0, 100)"
"52","mrivas_a2_06_full","Peanuts Large - Full","NULL","numeric","double","4","c(0, 100)"
"53","mrivas_a2_06_like","Peanuts Large - Like","NULL","numeric","double","4","c(0, 100)"
"54","mrivas_a3_01_full","Pizza Large - Full","NULL","numeric","double","4","c(0, 100)"
"55","mrivas_a3_01_like","Pizza Large - Like","NULL","numeric","double","4","c(0, 100)"
"56","mrivas_a3_02_full","Potato Chips Large - Full","NULL","numeric","double","4","c(0, 100)"
"57","mrivas_a3_02_like","Potato Chips Large - Like","NULL","numeric","double","4","c(0, 100)"
"58","mrivas_a3_03_full","Pretzels Large - Full","NULL","numeric","double","4","c(0, 100)"
"59","mrivas_a3_03_like","Pretzels Large - Like","NULL","numeric","double","4","c(0, 100)"
"60","mrivas_a3_04_full","Brownie Large - Full","NULL","numeric","double","4","c(0, 100)"
"61","mrivas_a3_04_like","Brownie Large - Like","NULL","numeric","double","4","c(0, 100)"
"62","mrivas_a3_05_full","Cake Large - Full","NULL","numeric","double","4","c(0, 100)"
"63","mrivas_a3_05_like","Cake Large - Like","NULL","numeric","double","4","c(0, 100)"
"64","mrivas_a3_06_full","Chocolate Candy Large - Full","NULL","numeric","double","4","c(0, 100)"
"65","mrivas_a3_06_like","Chocolate Candy Large - Like","NULL","numeric","double","4","c(0, 100)"
"66","mrivas_a4_01_full","Doughnut Large - Full","NULL","numeric","double","4","c(0, 100)"
"67","mrivas_a4_01_like","Doughnut Large - Like","NULL","numeric","double","4","c(0, 100)"
"68","mrivas_a4_02_full","Fruit Candy Chews Large - Full","NULL","numeric","double","4","c(0, 100)"
"69","mrivas_a4_02_like","Fruit Candy Chews Large - Like","NULL","numeric","double","4","c(0, 100)"
"70","mrivas_a4_03_full","Muffin Large - Full","NULL","numeric","double","4","c(0, 100)"
"71","mrivas_a4_03_like","Muffin Large - Like","NULL","numeric","double","4","c(0, 100)"
"72","mrivas_a4_04_full","Rice Treats Large - Full","NULL","numeric","double","4","c(0, 100)"
"73","mrivas_a4_04_like","Rice Treats Large - Like","NULL","numeric","double","4","c(0, 100)"
"74","mrivas_a4_05_full","Sugar Cookie Large - Full","NULL","numeric","double","4","c(0, 100)"
"75","mrivas_a4_05_like","Sugar Cookie Large - Like","NULL","numeric","double","4","c(0, 100)"
"76","mrivas_a4_06_full","Waffle Large - Full","NULL","numeric","double","4","c(0, 100)"
"77","mrivas_a4_06_like","Waffle Large - Like","NULL","numeric","double","4","c(0, 100)"
"78","mrivas_a5_01_full","Chocolate Ice Cream Large - Full","NULL","numeric","double","4","c(0, 100)"
"79","mrivas_a5_01_like","Chocolate Ice Cream Large - Like","NULL","numeric","double","4","c(0, 100)"
"80","mrivas_a5_02_full","Chocolate Peanut Butter Candy Large - Full","NULL","numeric","double","4","c(0, 100)"
"81","mrivas_a5_02_like","Chocolate Peanut Butter Candy Large - Like","NULL","numeric","double","4","c(0, 100)"
"82","mrivas_a5_03_full","Chocolate Pie Large - Full","NULL","numeric","double","4","c(0, 100)"
"83","mrivas_a5_03_like","Chocolate Pie Large - Like","NULL","numeric","double","4","c(0, 100)"
"84","mrivas_a5_04_full","Chocolate Sandwich Cookie Large - Full","NULL","numeric","double","4","c(0, 100)"
"85","mrivas_a5_04_like","Chocolate Sandwich Cookie Large - Like","NULL","numeric","double","4","c(0, 100)"
"86","mrivas_a5_05_full","Cinnamon Roll Large - Full","NULL","numeric","double","4","c(0, 100)"
"87","mrivas_a5_05_like","Cinnamon Roll Large - Like","NULL","numeric","double","4","c(0, 100)"
"88","mrivas_a5_06_full","Coffee Cake Large - Full","NULL","numeric","double","4","c(0, 100)"
"89","mrivas_a5_06_like","Coffee Cake Large - Like","NULL","numeric","double","4","c(0, 100)"
"90","mrivas_b1_01_full","Chocolate Ice Cream Small - Full","NULL","numeric","double","4","c(0, 100)"
"91","mrivas_b1_01_like","Chocolate Ice Cream Small - Like","NULL","numeric","double","4","c(0, 100)"
"92","mrivas_b1_02_full","Chocolate Peanut Butter Candy Small - Full","NULL","numeric","double","4","c(0, 100)"
"93","mrivas_b1_02_like","Chocolate Peanut Butter Candy Small - Like","NULL","numeric","double","4","c(0, 100)"
"94","mrivas_b1_03_full","Chocolate Pie Small - Full","NULL","numeric","double","4","c(0, 100)"
"95","mrivas_b1_03_like","Chocolate Pie Small - Like","NULL","numeric","double","4","c(0, 100)"
"96","mrivas_b1_04_full","Chocolate Sandwich Cookie Small - Full","NULL","numeric","double","4","c(0, 100)"
"97","mrivas_b1_04_like","Chocolate Sandwich Cookie Small - Like","NULL","numeric","double","4","c(0, 100)"
"98","mrivas_b1_05_full","Cinnamon Roll Small - Full","NULL","numeric","double","4","c(0, 100)"
"99","mrivas_b1_05_like","Cinnamon Roll Small - Like","NULL","numeric","double","4","c(0, 100)"
"100","mrivas_b1_06_full","Coffee Cake Small - Full","NULL","numeric","double","4","c(0, 100)"
"101","mrivas_b1_06_like","Coffee Cake Small - Like","NULL","numeric","double","4","c(0, 100)"
"102","mrivas_b2_01_full","Bacon Small - Full","NULL","numeric","double","4","c(0, 100)"
"103","mrivas_b2_01_like","Bacon Small - Like","NULL","numeric","double","4","c(0, 100)"
"104","mrivas_b2_02_full","Bagel Small - Full","NULL","numeric","double","4","c(0, 100)"
"105","mrivas_b2_02_like","Bagel Small - Like","NULL","numeric","double","4","c(0, 100)"
"106","mrivas_b2_03_full","Cheeseburger Small - Full","NULL","numeric","double","4","c(0, 100)"
"107","mrivas_b2_03_like","Cheeseburger Small - Like","NULL","numeric","double","4","c(0, 100)"
"108","mrivas_b2_04_full","Chicken Nuggets Small - Full","NULL","numeric","double","4","c(0, 100)"
"109","mrivas_b2_04_like","Chicken Nuggets Small - Like","NULL","numeric","double","4","c(0, 100)"
"110","mrivas_b2_05_full","Chips w/ Cheese Small - Full","NULL","numeric","double","4","c(0, 100)"
"111","mrivas_b2_05_like","Chips w/ Cheese Small - Like","NULL","numeric","double","4","c(0, 100)"
"112","mrivas_b2_06_full","Fish Sticks Small - Full","NULL","numeric","double","4","c(0, 100)"
"113","mrivas_b2_06_like","Fish Sticks Small - Like","NULL","numeric","double","4","c(0, 100)"
"114","mrivas_b3_01_full","French Fries Small - Full","NULL","numeric","double","4","c(0, 100)"
"115","mrivas_b3_01_like","French Fries Small - Like","NULL","numeric","double","4","c(0, 100)"
"116","mrivas_b3_02_full","Grilled Cheese Small - Full","NULL","numeric","double","4","c(0, 100)"
"117","mrivas_b3_02_like","Grilled Cheese Small - Like","NULL","numeric","double","4","c(0, 100)"
"118","mrivas_b3_03_full","Italian Sub Small - Full","NULL","numeric","double","4","c(0, 100)"
"119","mrivas_b3_03_like","Italian Sub Small - Like","NULL","numeric","double","4","c(0, 100)"
"120","mrivas_b3_04_full","Mac and Cheese Small - Full","NULL","numeric","double","4","c(0, 100)"
"121","mrivas_b3_04_like","Mac and Cheese Small - Like","NULL","numeric","double","4","c(0, 100)"
"122","mrivas_b3_05_full","Peanut Butter Crackers Small - Full","NULL","numeric","double","4","c(0, 100)"
"123","mrivas_b3_05_like","Peanut Butter Crackers Small - Like","NULL","numeric","double","4","c(0, 100)"
"124","mrivas_b3_06_full","Peanuts Small - Full","NULL","numeric","double","4","c(0, 100)"
"125","mrivas_b3_06_like","Peanuts Small - Like","NULL","numeric","double","4","c(0, 100)"
"126","mrivas_b4_01_full","Pizza Small - Full","NULL","numeric","double","4","c(0, 100)"
"127","mrivas_b4_01_like","Pizza Small - Like","NULL","numeric","double","4","c(0, 100)"
"128","mrivas_b4_02_full","Potato Chips Small - Full","NULL","numeric","double","4","c(0, 100)"
"129","mrivas_b4_02_like","Potato Chips Small - Like","NULL","numeric","double","4","c(0, 100)"
"130","mrivas_b4_03_full","Pretzels Small - Full","NULL","numeric","double","4","c(0, 100)"
"131","mrivas_b4_03_like","Pretzels Small - Like","NULL","numeric","double","4","c(0, 100)"
"132","mrivas_b4_04_full","Brownie Small - Full","NULL","numeric","double","4","c(0, 100)"
"133","mrivas_b4_04_like","Brownie Small - Like","NULL","numeric","double","4","c(0, 100)"
"134","mrivas_b4_05_full","Cake Small - Full","NULL","numeric","double","4","c(0, 100)"
"135","mrivas_b4_05_like","Cake Small - Like","NULL","numeric","double","4","c(0, 100)"
"136","mrivas_b4_06_full","Chocolate Candy Small - Full","NULL","numeric","double","4","c(0, 100)"
"137","mrivas_b4_06_like","Chocolate Candy Small - Like","NULL","numeric","double","4","c(0, 100)"
"138","mrivas_b5_01_full","Doughnut Small - Full","NULL","numeric","double","4","c(0, 100)"
"139","mrivas_b5_01_like","Doughnut Small - Like","NULL","numeric","double","4","c(0, 100)"
"140","mrivas_b5_02_full","Fruit Candy Chews Small - Full","NULL","numeric","double","4","c(0, 100)"
"141","mrivas_b5_02_like","Fruit Candy Chews Small - Like","NULL","numeric","double","4","c(0, 100)"
"142","mrivas_b5_03_full","Muffin Small - Full","NULL","numeric","double","4","c(0, 100)"
"143","mrivas_b5_03_like","Muffin Small - Like","NULL","numeric","double","4","c(0, 100)"
"144","mrivas_b5_04_full","Rice Treats Small - Full","NULL","numeric","double","4","c(0, 100)"
"145","mrivas_b5_04_like","Rice Treats Small - Like","NULL","numeric","double","4","c(0, 100)"
"146","mrivas_b5_05_full","Sugar Cookie Small - Full","NULL","numeric","double","4","c(0, 100)"
"147","mrivas_b5_05_like","Sugar Cookie Small - Like","NULL","numeric","double","4","c(0, 100)"
"148","mrivas_b5_06_full","Waffle Small - Full","NULL","numeric","double","4","c(0, 100)"
"149","mrivas_b5_06_like","Waffle Small - Like","NULL","numeric","double","4","c(0, 100)"
"150","mrivas_c1_01_full","Cucumbers Large - Full","NULL","numeric","double","4","c(0, 100)"
"151","mrivas_c1_01_like","Cucumbers Large - Like","NULL","numeric","double","4","c(0, 100)"
"152","mrivas_c1_02_full","Green Beans Large - Full","NULL","numeric","double","4","c(0, 100)"
"153","mrivas_c1_02_like","Green Beans Large - Like","NULL","numeric","double","4","c(0, 100)"
"154","mrivas_c1_03_full","Green Salad Large - Full","NULL","numeric","double","4","c(0, 100)"
"155","mrivas_c1_03_like","Green Salad Large - Like","NULL","numeric","double","4","c(0, 100)"
"156","mrivas_c1_04_full","Potatoes Large - Full","NULL","numeric","double","4","c(0, 100)"
"157","mrivas_c1_04_like","Potatoes Large - Like","NULL","numeric","double","4","c(0, 100)"
"158","mrivas_c1_05_full","Peas Large - Full","NULL","numeric","double","4","c(0, 100)"
"159","mrivas_c1_05_like","Peas Large - Like","NULL","numeric","double","4","c(0, 100)"
"160","mrivas_c1_06_full","Red Beans & Rice Large - Full","NULL","numeric","double","4","c(0, 100)"
"161","mrivas_c1_06_like","Red Beans & Rice Large - Like","NULL","numeric","double","4","c(0, 100)"
"162","mrivas_c2_01_full","Red Peppers Large - Full","NULL","numeric","double","4","c(0, 100)"
"163","mrivas_c2_01_like","Red Peppers Large - Like","NULL","numeric","double","4","c(0, 100)"
"164","mrivas_c2_02_full","Tomato Soup Large - Full","NULL","numeric","double","4","c(0, 100)"
"165","mrivas_c2_02_like","Tomato Soup Large - Like","NULL","numeric","double","4","c(0, 100)"
"166","mrivas_c2_03_full","Turkey Large - Full","NULL","numeric","double","4","c(0, 100)"
"167","mrivas_c2_03_like","Turkey Large - Like","NULL","numeric","double","4","c(0, 100)"
"168","mrivas_c2_04_full","Apples Large - Full","NULL","numeric","double","4","c(0, 100)"
"169","mrivas_c2_04_like","Apples Large - Like","NULL","numeric","double","4","c(0, 100)"
"170","mrivas_c2_05_full","Applesauce Large - Full","NULL","numeric","double","4","c(0, 100)"
"171","mrivas_c2_05_like","Applesauce Large - Like","NULL","numeric","double","4","c(0, 100)"
"172","mrivas_c2_06_full","Banana Large - Full","NULL","numeric","double","4","c(0, 100)"
"173","mrivas_c2_06_like","Banana Large - Like","NULL","numeric","double","4","c(0, 100)"
"174","mrivas_c3_01_full","Blueberries Large - Full","NULL","numeric","double","4","c(0, 100)"
"175","mrivas_c3_01_like","Blueberries Large - Like","NULL","numeric","double","4","c(0, 100)"
"176","mrivas_c3_02_full","Canned Fruit Cocktail Large - Full","NULL","numeric","double","4","c(0, 100)"
"177","mrivas_c3_02_like","Canned Fruit Cocktail Large - Like","NULL","numeric","double","4","c(0, 100)"
"178","mrivas_c3_03_full","Cantaloupe Large - Full","NULL","numeric","double","4","c(0, 100)"
"179","mrivas_c3_03_like","Cantaloupe Large - Like","NULL","numeric","double","4","c(0, 100)"
"180","mrivas_c3_04_full","Corn Large - Full","NULL","numeric","double","4","c(0, 100)"
"181","mrivas_c3_04_like","Corn Large - Like","NULL","numeric","double","4","c(0, 100)"
"182","mrivas_c3_05_full","Jello Large - Full","NULL","numeric","double","4","c(0, 100)"
"183","mrivas_c3_05_like","Jello Large - Like","NULL","numeric","double","4","c(0, 100)"
"184","mrivas_c3_06_full","Oranges Large - Full","NULL","numeric","double","4","c(0, 100)"
"185","mrivas_c3_06_like","Oranges Large - Like","NULL","numeric","double","4","c(0, 100)"
"186","mrivas_c4_01_full","Baby Carrots Large - Full","NULL","numeric","double","4","c(0, 100)"
"187","mrivas_c4_01_like","Baby Carrots Large - Like","NULL","numeric","double","4","c(0, 100)"
"188","mrivas_c4_02_full","Broccoli Large - Full","NULL","numeric","double","4","c(0, 100)"
"189","mrivas_c4_02_like","Broccoli Large - Like","NULL","numeric","double","4","c(0, 100)"
"190","mrivas_c4_03_full","Brown Rice Large - Full","NULL","numeric","double","4","c(0, 100)"
"191","mrivas_c4_03_like","Brown Rice Large - Like","NULL","numeric","double","4","c(0, 100)"
"192","mrivas_c4_04_full","Cherry Tomatoes Large - Full","NULL","numeric","double","4","c(0, 100)"
"193","mrivas_c4_04_like","Cherry Tomatoes Large - Like","NULL","numeric","double","4","c(0, 100)"
"194","mrivas_c4_05_full","Chicken Noodle Soup Large - Full","NULL","numeric","double","4","c(0, 100)"
"195","mrivas_c4_05_like","Chicken Noodle Soup Large - Like","NULL","numeric","double","4","c(0, 100)"
"196","mrivas_c4_06_full","Deli Turkey Large - Full","NULL","numeric","double","4","c(0, 100)"
"197","mrivas_c4_06_like","Deli Turkey Large - Like","NULL","numeric","double","4","c(0, 100)"
"198","mrivas_c5_01_full","Pineapple Rings Large - Full","NULL","numeric","double","4","c(0, 100)"
"199","mrivas_c5_01_like","Pineapple Rings Large - Like","NULL","numeric","double","4","c(0, 100)"
"200","mrivas_c5_02_full","Popsicles Large - Full","NULL","numeric","double","4","c(0, 100)"
"201","mrivas_c5_02_like","Popsicles Large - Like","NULL","numeric","double","4","c(0, 100)"
"202","mrivas_c5_03_full","Red Grapes Large - Full","NULL","numeric","double","4","c(0, 100)"
"203","mrivas_c5_03_like","Red Grapes Large - Like","NULL","numeric","double","4","c(0, 100)"
"204","mrivas_c5_04_full","Strawberries Large - Full","NULL","numeric","double","4","c(0, 100)"
"205","mrivas_c5_04_like","Strawberries Large - Like","NULL","numeric","double","4","c(0, 100)"
"206","mrivas_c5_05_full","Watermelon Large - Full","NULL","numeric","double","4","c(0, 100)"
"207","mrivas_c5_05_like","Watermelon Large - Like","NULL","numeric","double","4","c(0, 100)"
"208","mrivas_c5_06_full","Yogurt Large - Full","NULL","numeric","double","4","c(0, 100)"
"209","mrivas_c5_06_like","Yogurt Large - Like","NULL","numeric","double","4","c(0, 100)"
"210","mrivas_d1_01_full","Baby Carrots Small - Full","NULL","numeric","double","4","c(0, 100)"
"211","mrivas_d1_01_like","Baby Carrots Small - Like","NULL","numeric","double","4","c(0, 100)"
"212","mrivas_d1_02_full","Broccoli Small - Full","NULL","numeric","double","4","c(0, 100)"
"213","mrivas_d1_02_like","Broccoli Small - Like","NULL","numeric","double","4","c(0, 100)"
"214","mrivas_d1_03_full","Brown Rice Small - Full","NULL","numeric","double","4","c(0, 100)"
"215","mrivas_d1_03_like","Brown Rice Small - Like","NULL","numeric","double","4","c(0, 100)"
"216","mrivas_d1_04_full","Cherry Tomatoes Small - Full","NULL","numeric","double","4","c(0, 100)"
"217","mrivas_d1_04_like","Cherry Tomatoes Small - Like","NULL","numeric","double","4","c(0, 100)"
"218","mrivas_d1_05_full","Chicken Noodle Soup Small - Full","NULL","numeric","double","4","c(0, 100)"
"219","mrivas_d1_05_like","Chicken Noodle Soup Small - Like","NULL","numeric","double","4","c(0, 100)"
"220","mrivas_d1_06_full","Deli Turkey Small - Full","NULL","numeric","double","4","c(0, 100)"
"221","mrivas_d1_06_like","Deli Turkey Small - Like","NULL","numeric","double","4","c(0, 100)"
"222","mrivas_d2_01_full","Pineapple Rings Small - Full","NULL","numeric","double","4","c(0, 100)"
"223","mrivas_d2_01_like","Pineapple Rings Small - Like","NULL","numeric","double","4","c(0, 100)"
"224","mrivas_d2_02_full","Popsicle Small - Full","NULL","numeric","double","4","c(0, 100)"
"225","mrivas_d2_02_like","Popsicle Small - Like","NULL","numeric","double","4","c(0, 100)"
"226","mrivas_d2_03_full","Red Grapes Small - Full","NULL","numeric","double","4","c(0, 100)"
"227","mrivas_d2_03_like","Red Grapes Small - Like","NULL","numeric","double","4","c(0, 100)"
"228","mrivas_d2_04_full","Strawberries Small - Full","NULL","numeric","double","4","c(0, 100)"
"229","mrivas_d2_04_like","Strawberries Small - Like","NULL","numeric","double","4","c(0, 100)"
"230","mrivas_d2_05_full","Watermelon Small - Full","NULL","numeric","double","4","c(0, 100)"
"231","mrivas_d2_05_like","Watermelon Small - Like","NULL","numeric","double","4","c(0, 100)"
"232","mrivas_d2_06_full","Yogurt Small - Full","NULL","numeric","double","4","c(0, 100)"
"233","mrivas_d2_06_like","Yogurt Small - Like","NULL","numeric","double","4","c(0, 100)"
"234","mrivas_d3_01_full","Cucumber Small - Full","NULL","numeric","double","4","c(0, 100)"
"235","mrivas_d3_01_like","Cucumber Small - Like","NULL","numeric","double","4","c(0, 100)"
"236","mrivas_d3_02_full","Green Beans Small - Full","NULL","numeric","double","4","c(0, 100)"
"237","mrivas_d3_02_like","Green Beans Small - Like","NULL","numeric","double","4","c(0, 100)"
"238","mrivas_d3_03_full","Green Salad Small - Full","NULL","numeric","double","4","c(0, 100)"
"239","mrivas_d3_03_like","Green Salad Small - Like","NULL","numeric","double","4","c(0, 100)"
"240","mrivas_d3_04_full","Potatoes Small - Full","NULL","numeric","double","4","c(0, 100)"
"241","mrivas_d3_04_like","Potatoes Small - Like","NULL","numeric","double","4","c(0, 100)"
"242","mrivas_d3_05_full","Peas Small - Full","NULL","numeric","double","4","c(0, 100)"
"243","mrivas_d3_05_like","Peas Small - Like","NULL","numeric","double","4","c(0, 100)"
"244","mrivas_d3_06_full","Red Beans & Rice Small - Full","NULL","numeric","double","4","c(0, 100)"
"245","mrivas_d3_06_like","Red Beans & Rice Small - Like","NULL","numeric","double","4","c(0, 100)"
"246","mrivas_d4_01_full","Red Pepper Small - Full","NULL","numeric","double","4","c(0, 100)"
"247","mrivas_d4_01_like","Red Pepper Small - Like","NULL","numeric","double","4","c(0, 100)"
"248","mrivas_d4_02_full","Tomato Soup Small - Full","NULL","numeric","double","4","c(0, 100)"
"249","mrivas_d4_02_like","Tomato Soup Small - Like","NULL","numeric","double","4","c(0, 100)"
"250","mrivas_d4_03_full","Turkey Small - Full","NULL","numeric","double","4","c(0, 100)"
"251","mrivas_d4_03_like","Turkey Small - Like","NULL","numeric","double","4","c(0, 100)"
"252","mrivas_d4_04_full","Apples Small - Full","NULL","numeric","double","4","c(0, 100)"
"253","mrivas_d4_04_like","Apples Small - Like","NULL","numeric","double","4","c(0, 100)"
"254","mrivas_d4_05_full","Applesauce Small - Full","NULL","numeric","double","4","c(0, 100)"
"255","mrivas_d4_05_like","Applesauce Small - Like","NULL","numeric","double","4","c(0, 100)"
"256","mrivas_d4_06_full","Bananas Small - Full","NULL","numeric","double","4","c(0, 100)"
"257","mrivas_d4_06_like","Bananas Small - Like","NULL","numeric","double","4","c(0, 100)"
"258","mrivas_d5_01_full","Blueberries Small - Full","NULL","numeric","double","4","c(0, 100)"
"259","mrivas_d5_01_like","Blueberries Small - Like","NULL","numeric","double","4","c(0, 100)"
"260","mrivas_d5_02_full","Canned Fruit Cocktail Small - Full","NULL","numeric","double","4","c(0, 100)"
"261","mrivas_d5_02_like","Canned Fruit Cocktail Small - Like","NULL","numeric","double","4","c(0, 100)"
"262","mrivas_d5_03_full","Cantaloupe Small - Full","NULL","numeric","double","4","c(0, 100)"
"263","mrivas_d5_03_like","Cantaloupe Small - Like","NULL","numeric","double","4","c(0, 100)"
"264","mrivas_d5_04_full","Corn Small - Full","NULL","numeric","double","4","c(0, 100)"
"265","mrivas_d5_04_like","Corn Small - Like","NULL","numeric","double","4","c(0, 100)"
"266","mrivas_d5_05_full","Jello Small - Full","NULL","numeric","double","4","c(0, 100)"
"267","mrivas_d5_05_like","Jello Small - Like","NULL","numeric","double","4","c(0, 100)"
"268","mrivas_d5_06_full","Orange Small - Full","NULL","numeric","double","4","c(0, 100)"
"269","mrivas_d5_06_like","Orange Small - Like","NULL","numeric","double","4","c(0, 100)"
"270","mrivas_e1_01_like","Binder Clips Large - Like","NULL","numeric","double","4","c(0, 100)"
"271","mrivas_e1_02_like","Calculator Large - Like","NULL","numeric","double","4","c(0, 100)"
"272","mrivas_e1_03_like","Chalk Large - Like","NULL","numeric","double","4","c(0, 100)"
"273","mrivas_e1_04_like","Coin Roll Large - Like","NULL","numeric","double","4","c(0, 100)"
"274","mrivas_e1_05_like","Compass Large - Like","NULL","numeric","double","4","c(0, 100)"
"275","mrivas_e1_06_like","Craft Scissors Large - Like","NULL","numeric","double","4","c(0, 100)"
"276","mrivas_e2_01_like","Yellow Paperclips Large - Like","NULL","numeric","double","4","c(0, 100)"
"277","mrivas_e2_02_like","Erasers Large - Like","NULL","numeric","double","4","c(0, 100)"
"278","mrivas_e2_03_like","Index Cards Large - Like","NULL","numeric","double","4","c(0, 100)"
"279","mrivas_e2_04_like","Markers Large - Like","NULL","numeric","double","4","c(0, 100)"
"280","mrivas_e2_05_like","Notebook Large - Like","NULL","numeric","double","4","c(0, 100)"
"281","mrivas_e2_06_like","Notepad Large - Like","NULL","numeric","double","4","c(0, 100)"
"282","mrivas_e3_01_like","Padlock Large - Like","NULL","numeric","double","4","c(0, 100)"
"283","mrivas_e3_02_like","Paintbrush Large - Like","NULL","numeric","double","4","c(0, 100)"
"284","mrivas_e3_03_like","Paint Large - Like","NULL","numeric","double","4","c(0, 100)"
"285","mrivas_e3_04_like","Green Paperclips Large - Like","NULL","numeric","double","4","c(0, 100)"
"286","mrivas_e3_05_like","Pens Large - Like","NULL","numeric","double","4","c(0, 100)"
"287","mrivas_e3_06_like","Pencils Large - Like","NULL","numeric","double","4","c(0, 100)"
"288","mrivas_e4_01_like","Post It Notes Large - Like","NULL","numeric","double","4","c(0, 100)"
"289","mrivas_e4_02_like","Post It Note Tape Large - Like","NULL","numeric","double","4","c(0, 100)"
"290","mrivas_e4_03_like","Pushpins Large - Like","NULL","numeric","double","4","c(0, 100)"
"291","mrivas_e4_04_like","Rope Large - Like","NULL","numeric","double","4","c(0, 100)"
"292","mrivas_e4_05_like","Rubber Bands Large - Like","NULL","numeric","double","4","c(0, 100)"
"293","mrivas_e4_06_like","Rulers Large - Like","NULL","numeric","double","4","c(0, 100)"
"294","mrivas_e5_01_like","Sharpies Brown Large - Like","NULL","numeric","double","4","c(0, 100)"
"295","mrivas_e5_02_like","Sharpies Yellow Large - Like","NULL","numeric","double","4","c(0, 100)"
"296","mrivas_e5_03_like","Stapler Large - Like","NULL","numeric","double","4","c(0, 100)"
"297","mrivas_e5_04_like","Staples Large - Like","NULL","numeric","double","4","c(0, 100)"
"298","mrivas_e5_05_like","Tab Divider Large - Like","NULL","numeric","double","4","c(0, 100)"
"299","mrivas_e5_06_like","Thumbtacks Large - Like","NULL","numeric","double","4","c(0, 100)"
"300","mrivas_f1_01_like","Padlock Small - Like","NULL","numeric","double","4","c(0, 100)"
"301","mrivas_f1_02_like","Paintbrush Small - Like","NULL","numeric","double","4","c(0, 100)"
"302","mrivas_f1_03_like","Paints Small - Like","NULL","numeric","double","4","c(0, 100)"
"303","mrivas_f1_04_like","Green Paperclips Small - Like","NULL","numeric","double","4","c(0, 100)"
"304","mrivas_f1_05_like","Pens Small - Like","NULL","numeric","double","4","c(0, 100)"
"305","mrivas_f1_06_like","Pencils Small - Like","NULL","numeric","double","4","c(0, 100)"
"306","mrivas_f2_01_like","Post It Notes Small - Like","NULL","numeric","double","4","c(0, 100)"
"307","mrivas_f2_02_like","Post It Note Tape Small - Like","NULL","numeric","double","4","c(0, 100)"
"308","mrivas_f2_03_like","Pushpins Small - Like","NULL","numeric","double","4","c(0, 100)"
"309","mrivas_f2_04_like","Rope Small - Like","NULL","numeric","double","4","c(0, 100)"
"310","mrivas_f2_05_like","Rubber Bands Small - Like","NULL","numeric","double","4","c(0, 100)"
"311","mrivas_f2_06_like","Ruler Small - Like","NULL","numeric","double","4","c(0, 100)"
"312","mrivas_f3_01_like","Sharpies Brown Small - Like","NULL","numeric","double","4","c(0, 100)"
"313","mrivas_f3_02_like","Sharpies Yellow Small - Like","NULL","numeric","double","4","c(0, 100)"
"314","mrivas_f3_03_like","Stapler Small - Like","NULL","numeric","double","4","c(0, 100)"
"315","mrivas_f3_04_like","Staples Small - Like","NULL","numeric","double","4","c(0, 100)"
"316","mrivas_f3_05_like","Tab Divider Small - Like","NULL","numeric","double","4","c(0, 100)"
"317","mrivas_f3_06_like","Thumbtacks Small - Like","NULL","numeric","double","4","c(0, 100)"
"318","mrivas_f4_01_like","Binder Clips Small - Like","NULL","numeric","double","4","c(0, 100)"
"319","mrivas_f4_02_like","Calculator Small - Like","NULL","numeric","double","4","c(0, 100)"
"320","mrivas_f4_03_like","Chalk Small - Like","NULL","numeric","double","4","c(0, 100)"
"321","mrivas_f4_04_like","Coin Roll Small - Like","NULL","numeric","double","4","c(0, 100)"
"322","mrivas_f4_05_like","Compass Small - Like","NULL","numeric","double","4","c(0, 100)"
"323","mrivas_f4_06_like","Craft Scissors Small - Like","NULL","numeric","double","4","c(0, 100)"
"324","mrivas_f5_01_like","Yellow Paperclips Small - Like","NULL","numeric","double","4","c(0, 100)"
"325","mrivas_f5_02_like","Erasers Small - Like","NULL","numeric","double","4","c(0, 100)"
"326","mrivas_f5_03_like","Index Cards Small - Like","NULL","numeric","double","4","c(0, 100)"
"327","mrivas_f5_04_like","Markers Small - Like","NULL","numeric","double","4","c(0, 100)"
"328","mrivas_f5_05_like","Notebook Small - Like","NULL","numeric","double","4","c(0, 100)"
"329","mrivas_f5_06_like","Notepad Small - Like","NULL","numeric","double","4","c(0, 100)"
"330","dg_foodchoice","Delay Discounting favorite food","c(`M&Ms` = 1, `Animal Crackers` = 2, Pretzels = 3)","c(""haven_labelled"", ""vctrs_vctr"", ""double"")","double","2","c(1, 3)"
"331","dg_foodchoice2","Delay Discounting second favorite food","c(`M&Ms` = 1, `Animal Crackers` = 2, Pretzels = 3)","c(""haven_labelled"", ""vctrs_vctr"", ""double"")","double","2","c(1, 3)"
"332","dg_foodchoice_amount","Delay Discounting favorite food pile choice 1","c(`Small pile` = 1, `Big pile` = 2)","c(""haven_labelled"", ""vctrs_vctr"", ""double"")","double","2","c(1, 2)"
"333","dg_foodchoice_amount2","Delay Discounting favorite food pile choice 2","c(`Small pile` = 1, `Big pile` = 2)","c(""haven_labelled"", ""vctrs_vctr"", ""double"")","double","85","c(1, 2)"
"334","dg_foodchoice2_amount","Delay Discounting second favorite food pile choice 1","c(`Small pile` = 1, `Big pile` = 2)","c(""haven_labelled"", ""vctrs_vctr"", ""double"")","double","88","c(2, 2)"
"335","dg_foodchoice2_amount2","Delay Discounting second favorite food pile choice 2","c(`Small pile` = 1, `Big pile` = 2)","c(""haven_labelled"", ""vctrs_vctr"", ""double"")","double","89","NULL"
"336","dg_wait","Delayed Gratification Score","c(`Successfully Waited` = 0, `Rang Bell, Did NOT Eat` = 1, `Ate Without Ringing Bell` = 2, `Ate, did NOT understand task` = 3)","c(""haven_labelled"", ""vctrs_vctr"", ""double"")","double","2","c(0, 2)"
"337","notes_mri_mprage","notes about MRI: mprage scan","NULL","character","character","0","c("""", ""visible ringing, but wasn't horrible (quality seemed sufficient for alignment). decided not to repeat at end bc child was getting more wiggly as scans progressed"")"
"338","notes_mri_restingstate","notes about MRI: resting state scan","NULL","character","character","0","c("""", ""tech could not get pulse ox to work"")"
"339","notes_mri_run1","notes about MRI: food cue task - run1","NULL","character","character","0","c("""", ""when explaining instructions for responding to each food image, tech said \""like\"" instead of \""want\"", but then corrected herself"")"
"340","notes_mri_run2","notes about MRI: food cue task - run2","NULL","character","character","0","c("""", ""started to cry when we checked in, so we pulled him out of the scanner"")"
"341","notes_mri_run3","notes about MRI: food cue task - run3","NULL","character","character","0","c("""", ""scanner was still running when 'good work' screen appeared"")"
"342","notes_mri_run4","notes about MRI: food cue task - run4","NULL","character","character","0","c("""", ""wiggly during scans 1-3; gave reminder to be still before run 4"")"
"343","notes_mri_run5","notes about MRI: food cue task - run5","NULL","character","character","0","c("""", ""Slight movement on this run"")"
"344","childnotes","If you have notes about the MRI scan, type them in the boxes below.  Make sure to include if you partially completed any runs, had to repeat any scans, or have any concerns about the position of the child's head in the scanner. - Other notes","NULL","character","character","0","c("""", ""wiggled feet between runs"")"
"345","fastv5","Parent Reported: Fasting:  Has child fasted for past 3 hours?","c(No = 0, Yes = 1)","c(""haven_labelled"", ""vctrs_vctr"", ""double"")","double","28","c(0, 1)"
"346","update1","Parent Reported: Updates - Have there been any changes in your child medical history since your last visit, including any medical, psychological, or learning disability diagnoses?","c(No = 0, Yes = 1)","c(""haven_labelled"", ""vctrs_vctr"", ""double"")","double","28","c(0, 0)"
"347","update2","Parent Reported: Updates - Have there been any changes in your child prescription or over the counter medications since your last visit?","c(No = 0, Yes = 1)","c(""haven_labelled"", ""vctrs_vctr"", ""double"")","double","28","c(0, 1)"
"348","update3","Parent Reported: Updates - Have there been any changes in your child dental work, including braces or retainers, since your last visit? -- Note: prefer not to answer (pna) marked NA - see pna database for which were pna rather than missing NA","c(No = 0, Yes = 1)","c(""haven_labelled"", ""vctrs_vctr"", ""double"")","double","29","c(0, 0)"
"349","update4","Parent Reported: Updates - Has your child acquired any new piercings since your last visit?","c(No = 0, Yes = 1)","c(""haven_labelled"", ""vctrs_vctr"", ""double"")","double","28","c(0, 0)"
"350","update5","Parent Reported: Updates - Has your child experienced a cold, flu, or any other illnesses in the past week?","c(No = 0, Yes = 1)","c(""haven_labelled"", ""vctrs_vctr"", ""double"")","double","28","c(0, 1)"
"351","update6","Parent Reported: Updates - Have you noticed any changes in your child dietary habits or appetite in the past 24 hours?  This could include eating more or less than he/she normally does, eating a food he/she normally doesn't, or refusing to eat a food he/she normally eats.","c(No = 0, Yes = 1)","c(""haven_labelled"", ""vctrs_vctr"", ""double"")","double","28","c(0, 1)"
"352","update7","Parent Reported: Updates - Are there any changes to your preferred contact information (address, email or phone number) since your last visit?","c(No = 0, Yes = 1)","c(""haven_labelled"", ""vctrs_vctr"", ""double"")","double","28","c(0, 1)"
"353","update8","Parent Reported: Updates - Does your family have any plans to move more than an hour away from State College in the next year?","c(No = 0, Yes = 1)","c(""haven_labelled"", ""vctrs_vctr"", ""double"")","double","28","c(0, 0)"
"354","update1detail","Parent Reported: changes in medical history detail","NULL","character","character","28","c("" none"", ""There are none."")"
"355","update2detail","Parent Reported: changes in medications detail","NULL","character","character","28","c(""My child was recently prescribed albuterol for his dust mite allergy. He has not used it yet, but we do have it filled."", ""There are none."")"
"356","update3detail","Parent Reported: changes in dental work","NULL","character","character","28","c(""He had a cavity and just got it fixed."", ""There are none."")"
"357","update5detail","Parent Reported: illnesses","NULL","character","character","28","c(""24 hour stomach flu on Sunday 10/20"", ""This past week she hasn't had any illnesses."")"
"358","update6detail","Parent Reported: dietary or appetite changes","NULL","character","character","28","c(""appetite has been the same as always"", ""There were none."")"
"359","update7detail","Parent Reported: contact information","NULL","character","character","28","c(""2457 Saratoga Drive, State College, PA\n517-648-6800"", ""we will be at the same address and have the same contact information"")"
"360","update8detail","Parent Reported: moving","NULL","character","character","28","c(""n/a"", ""will still be in the same place next year"")"
